"analysis_id","n_photos","record_ids"
"site-b66da52488de005e",1,"obs-000001"
"site-bc2d2378115806cb",1,"obs-000002"
"site-a05ed810677e97ec",1,"obs-000003"
"site-e2fe78426c3d54d8",1,"obs-000004"
"site-e51902974f90856c",1,"obs-000005"
"site-32bed21128af0dac",2,"obs-000006;obs-000410"
"site-6e7350e5f4d7d800",1,"obs-000007"
"site-f927a464465e7626",1,"obs-000008"
"site-a136d0e98c038578",1,"obs-000009"
"site-acbb79d310e51c14",1,"obs-000010"
"site-07da0bfdb0b5254d",1,"obs-000011"
"site-1d15f9f6cdfaf260",1,"obs-000012"
"site-5c386d276fca9b68",1,"obs-000013"
"site-6c79917cccf0aa14",1,"obs-000014"
"site-f15e9a4240a241c6",1,"obs-000015"
"site-13cbff9c28b0dd4a",1,"obs-000016"
"site-1187c09c895d30ca",1,"obs-000017"
"site-b39379fa522cd31e",1,"obs-000018"
"site-e2aa810087e32611",1,"obs-000019"
"site-5ef8691bb36d6216",1,"obs-000020"
"site-dec97ba02206f612",1,"obs-000021"
"site-b183f05fb19642dc",2,"obs-000022;obs-000607"
"site-bb76cb1b9a61ce6b",1,"obs-000023"
"site-f9abc80ddc699c0c",1,"obs-000024"
"site-22ac00f37aba48c1",1,"obs-000025"
"site-97ec8b34ee4043f3",1,"obs-000026"
"site-51728647b3402c2c",1,"obs-000027"
"site-eb2e267fbb1d0659",1,"obs-000028"
"site-5e83b254bef22734",1,"obs-000029"
"site-930775d7e6bcbe50",1,"obs-000030"
"site-fbdc95c280619671",1,"obs-000031"
"site-22403d2f13de1777",1,"obs-000032"
"site-5d523a58eeba220b",1,"obs-000033"
"site-eb472ed0948940b8",1,"obs-000034"
"site-11985bf83e338000",1,"obs-000035"
"site-b5fa5f659c2a0271",1,"obs-000036"
"site-021a54d26a8d8205",1,"obs-000037"
"site-d130f7497a161afa",1,"obs-000038"
"site-a5244fd46295eb64",1,"obs-000039"
"site-3bacda69d4fbf5b2",1,"obs-000040"
"site-aaf8fae61d3c1df7",1,"obs-000041"
"site-8a77aeed0573cbe2",1,"obs-000042"
"site-6b0c6cfb30d138f3",1,"obs-000043"
"site-72793bdd7a68c912",1,"obs-000044"
"site-75e132727cbe5e17",1,"obs-000045"
"site-019318a89fdff4ff",1,"obs-000046"
"site-5d779dfe03d64715",2,"obs-000047;obs-000443"
"site-a04dddf7a1c5f46e",1,"obs-000048"
"site-f9f7f7406e7bdd0f",1,"obs-000049"
"site-8000e6abae139886",1,"obs-000050"
"site-455de3fdd09aa078",1,"obs-000051"
"site-df9f9bf9f8d35b61",1,"obs-000052"
"site-673e2a3040d6507f",1,"obs-000053"
"site-3ae983d18224d26b",1,"obs-000054"
"site-0ce9c12e9fa730e3",1,"obs-000055"
"site-b04b50217fc4de8c",1,"obs-000056"
"site-c0172a62e14d0931",1,"obs-000057"
"site-141b69e120f0cc15",1,"obs-000058"
"site-bb257428e6c1f4bd",1,"obs-000059"
"site-ec0f644f70238158",1,"obs-000060"
"site-28b75614f42efec2",1,"obs-000061"
"site-1e7fbec0be5b029d",1,"obs-000062"
"site-e4588dfd3926546e",1,"obs-000063"
"site-a2a13bf4e619ffde",1,"obs-000064"
"site-049d4f4aa21611a9",1,"obs-000065"
"site-ce4078181c3d4af2",1,"obs-000066"
"site-6c2d526567b9ce8b",1,"obs-000067"
"site-747fa728baba8e08",1,"obs-000068"
"site-68072ce46d32110f",1,"obs-000069"
"site-5abed1b0af95a38b",1,"obs-000070"
"site-2c9ceecbd04c82f1",1,"obs-000071"
"site-64e33a59258ca807",1,"obs-000072"
"site-8bac7d248eaa4d2b",1,"obs-000073"
"site-f8603dd302dd5e74",1,"obs-000074"
"site-a549db207fb07488",1,"obs-000075"
"site-0cdf99408ce9f5b5",1,"obs-000076"
"site-ad186ac046ecdfa7",1,"obs-000077"
"site-0ec51b5164461b07",1,"obs-000078"
"site-e6d5945db4e3c626",1,"obs-000079"
"site-bf9417888560ed9f",1,"obs-000080"
"site-170a6f4059928206",1,"obs-000081"
"site-e9ae858ea9144ad0",1,"obs-000082"
"site-adf5a832c023b979",1,"obs-000083"
"site-4d01d12bbffe64e8",1,"obs-000084"
"site-041a5e8a21f8602c",2,"obs-000085;obs-000421"
"site-c6ec8999097dd0eb",1,"obs-000086"
"site-30ef01db655e24e3",1,"obs-000087"
"site-2acf8cc99ca795e2",1,"obs-000088"
"site-944a49682159431b",1,"obs-000089"
"site-091daea14f9120b9",1,"obs-000090"
"site-1d7c39e93d73cfb3",1,"obs-000091"
"site-e5dd3149f4575424",1,"obs-000092"
"site-c0879961f0fc7215",1,"obs-000093"
"site-e75c968d13b97ef8",1,"obs-000094"
"site-8582449924c29144",1,"obs-000095"
"site-addf4984f7f3c18f",1,"obs-000096"
"site-fca42261d488952f",1,"obs-000097"
"site-aa9c54f89f2c51f9",1,"obs-000098"
"site-74400f1bf99abe1d",1,"obs-000099"
"site-524dfd732bbb36b9",1,"obs-000100"
"site-5639f0ed39ab8996",1,"obs-000101"
"site-42e7b374b06cf253",1,"obs-000102"
"site-8bfcabd4556fd41c",1,"obs-000103"
"site-7525d90a3da35962",1,"obs-000104"
"site-d8f27a3364672b6f",1,"obs-000105"
"site-f6439cf7c5c4e46b",1,"obs-000106"
"site-cdf292394d2938bf",1,"obs-000107"
"site-e1e07da1cbc3e578",1,"obs-000108"
"site-052bfbf162017054",1,"obs-000109"
"site-dbb8124f2c515a14",1,"obs-000110"
"site-d7fdd579d14e8aec",1,"obs-000111"
"site-a26f34ec5337059d",1,"obs-000112"
"site-0a94de96b9fdf1eb",1,"obs-000113"
"site-4b8f46bc53066058",1,"obs-000114"
"site-38e744d56bfc1a76",1,"obs-000115"
"site-1a32dc431faae2fc",1,"obs-000116"
"site-522de9c80e8bc8b3",1,"obs-000117"
"site-6e0d9705d86ff26d",2,"obs-000118;obs-000315"
"site-7cfc59bd20799de4",1,"obs-000119"
"site-f9192ed6617f6adc",1,"obs-000120"
"site-ba3835e7d53cd238",1,"obs-000121"
"site-683770ee20c0cb74",2,"obs-000122;obs-000196"
"site-f6b690ee1d2204ea",1,"obs-000123"
"site-ccd079e4cac5b38a",1,"obs-000124"
"site-bb2024f3fef0ded3",1,"obs-000125"
"site-c5cafc6f939f238d",1,"obs-000126"
"site-3dea2dfe78a8970b",1,"obs-000127"
"site-6c5e3e69c3ebc185",1,"obs-000128"
"site-647ccbda0afcee35",2,"obs-000129;obs-000362"
"site-57f955da3fbabd71",1,"obs-000130"
"site-829bc5c21a614e68",1,"obs-000131"
"site-33a3b3c5173d61ad",2,"obs-000132;obs-000535"
"site-942ba072486d7a04",1,"obs-000133"
"site-c2032dffb0d9103c",1,"obs-000134"
"site-e8dbd969b69fb349",1,"obs-000135"
"site-684df61d070b787f",1,"obs-000136"
"site-724c0590099d3c8c",1,"obs-000137"
"site-83baf395005d0f64",1,"obs-000138"
"site-431d1f6636fd5dfd",1,"obs-000139"
"site-12820e5785b493e7",1,"obs-000140"
"site-9f54ec08aba32fbd",1,"obs-000141"
"site-a1337f543600f9b0",1,"obs-000142"
"site-eefbb2b2b97079fa",1,"obs-000143"
"site-31e689e846324dcc",1,"obs-000144"
"site-1d32b54576417ca5",1,"obs-000145"
"site-7a648afb450ca39b",1,"obs-000146"
"site-eeaa3dbae3c4046a",1,"obs-000147"
"site-8c1d9a3095c634b5",1,"obs-000148"
"site-65e3bc4fb62e6001",1,"obs-000149"
"site-62b0d8cbccef0c24",1,"obs-000150"
"site-923a147909a4830c",1,"obs-000151"
"site-9cafafd600bccb8a",1,"obs-000152"
"site-6237638e658277b3",1,"obs-000153"
"site-61e3a61afc3a126e",1,"obs-000154"
"site-6e562a265e9c3cef",1,"obs-000155"
"site-8db75ca092e86e7e",1,"obs-000156"
"site-945f8ad3ad31a376",1,"obs-000157"
"site-9c51214fdca15158",1,"obs-000158"
"site-53f7e95c5679b424",1,"obs-000159"
"site-c4fd851f0d827a75",1,"obs-000160"
"site-5dd39d9f0f8fd37c",1,"obs-000161"
"site-b30e26839219ce62",1,"obs-000162"
"site-b2ee3cf93ccc1b41",1,"obs-000163"
"site-50162e3d66c762d8",1,"obs-000164"
"site-34e8aeb82fc7bf68",1,"obs-000165"
"site-da7733dbf3285cc1",1,"obs-000166"
"site-543c4861c553dcb6",1,"obs-000167"
"site-e208381dd6fb0eb5",1,"obs-000168"
"site-f6bd60e277438c6b",1,"obs-000169"
"site-b4839fa06886ddec",1,"obs-000170"
"site-f55f37227da35de4",1,"obs-000171"
"site-f5adbc672a6146e5",1,"obs-000172"
"site-cfa92f7dbba00798",1,"obs-000173"
"site-865c092a2b3c1f81",1,"obs-000174"
"site-1b61a80db9789ae1",1,"obs-000175"
"site-4451006ef74c2fd2",1,"obs-000176"
"site-1ff2b14a798eb389",1,"obs-000177"
"site-25d8fe48be4835b9",1,"obs-000178"
"site-6fa6c8105812ba73",1,"obs-000179"
"site-2e8ac7170aaa1123",1,"obs-000180"
"site-475cae6830af3633",1,"obs-000181"
"site-360889acf21758fa",2,"obs-000182;obs-000583"
"site-63a65ebad5b4138e",1,"obs-000183"
"site-48d1cec233034c76",1,"obs-000184"
"site-5307af540895cab1",1,"obs-000185"
"site-9e3e7e2bb26523f7",1,"obs-000186"
"site-6a6e1b60f8220cc8",1,"obs-000187"
"site-034c310ce2918949",1,"obs-000188"
"site-a6932e3c1efcd122",1,"obs-000189"
"site-d29ebb0d3c8d85ed",1,"obs-000190"
"site-1081294286186d3a",1,"obs-000191"
"site-7201e2561da3145d",1,"obs-000192"
"site-84d8fd33c6422b32",1,"obs-000193"
"site-2b2a91450a85a7a3",1,"obs-000194"
"site-68b862c3abebb6a8",1,"obs-000195"
"site-a179666fd18b69ce",1,"obs-000197"
"site-2b8a81c528880e61",1,"obs-000198"
"site-a517c59a7788f404",1,"obs-000199"
"site-406b29aa94ca4d6d",1,"obs-000200"
"site-f32fd0dd44b0a1d8",1,"obs-000201"
"site-643593d78f976c47",1,"obs-000202"
"site-51caa56c38f9b0b9",1,"obs-000203"
"site-7b0150fa7a41ad09",1,"obs-000204"
"site-ac7bc8563bfbc9bb",1,"obs-000205"
"site-52a6f661a3361b31",1,"obs-000206"
"site-e47946a769e8c14f",1,"obs-000207"
"site-2a515e053ed2dbe9",1,"obs-000208"
"site-f8a4fdf0cbc0fe28",1,"obs-000209"
"site-fffa97663974cb85",1,"obs-000210"
"site-e46361d74ec11180",1,"obs-000211"
"site-3f4c6d5dafcab69f",1,"obs-000212"
"site-7fc9596bad4514e2",1,"obs-000213"
"site-f470b2ce405107bc",1,"obs-000214"
"site-e329dec99e36d4c6",1,"obs-000215"
"site-2f3e5cc39c3404b2",1,"obs-000216"
"site-d6e0ea4c4c4454b5",1,"obs-000217"
"site-d2e4fe231cf737f5",1,"obs-000218"
"site-531a7a548045fadb",1,"obs-000219"
"site-65630470bb712d71",1,"obs-000220"
"site-9c5735b387ceca0f",1,"obs-000221"
"site-1861036c604ce77d",1,"obs-000222"
"site-ff17a66efa80e1f4",1,"obs-000223"
"site-b7fb82dd631a5c62",1,"obs-000224"
"site-99dea37b7462d809",1,"obs-000225"
"site-1411db8dcf6bbfc5",1,"obs-000226"
"site-8180a85b947f5f92",1,"obs-000227"
"site-8d2e7a979a402bc4",1,"obs-000228"
"site-80ab83c6d762bc63",1,"obs-000229"
"site-4dab69999fd6a181",1,"obs-000230"
"site-76ff8f9fb7d0556b",1,"obs-000231"
"site-cd1e05709e5d08eb",1,"obs-000232"
"site-c65f60be5eaca1ef",1,"obs-000233"
"site-be162846c2fe364b",1,"obs-000234"
"site-8a86c7ae16aa6559",1,"obs-000235"
"site-04c3360a4b92a541",1,"obs-000236"
"site-26c4cdcb4d815a80",1,"obs-000237"
"site-e440aaea38021c2e",1,"obs-000238"
"site-9d5e508f9815114f",1,"obs-000239"
"site-f116089a3753a6c9",1,"obs-000240"
"site-1c0fabfbaf2c4025",1,"obs-000241"
"site-f8a38c77f1642dff",1,"obs-000242"
"site-39c1978edfb52638",1,"obs-000243"
"site-250c65ec92ae8929",1,"obs-000244"
"site-187f195db6f4f579",1,"obs-000245"
"site-1927f321d074d622",1,"obs-000246"
"site-fadb9b18400ff1e0",1,"obs-000247"
"site-4d2d20f6ed151bf8",1,"obs-000248"
"site-b6039fab2c37ce26",1,"obs-000249"
"site-e07033913d842584",1,"obs-000250"
"site-40879a65bc7cb0ca",1,"obs-000251"
"site-a435a9bb55bc2935",1,"obs-000252"
"site-10c7dd792489e77b",1,"obs-000253"
"site-2c827655fc3d15a7",1,"obs-000254"
"site-9d5172a4aebfa339",1,"obs-000255"
"site-a1f446fce2738d82",1,"obs-000256"
"site-69fa52e87251a893",1,"obs-000257"
"site-b4b3c54d292925e4",1,"obs-000258"
"site-6761837eceba540f",1,"obs-000259"
"site-7debdb08a339fb45",1,"obs-000260"
"site-409af646369a5f8b",1,"obs-000261"
"site-47bffc468e6ea8de",1,"obs-000262"
"site-119ea11017da752d",1,"obs-000263"
"site-35a2507b8a2cc2fc",1,"obs-000264"
"site-f5406591f247dd1d",1,"obs-000265"
"site-bf59be075e25f7cd",1,"obs-000266"
"site-d68a7be09bd64f03",1,"obs-000267"
"site-efa8086ff976a2f8",1,"obs-000268"
"site-313eaf6a1da639cf",1,"obs-000269"
"site-f23b30edf69051f6",1,"obs-000270"
"site-245f649789a36146",1,"obs-000271"
"site-0c6707ee0f656e3c",1,"obs-000272"
"site-3e5d5b7faaa376cb",1,"obs-000273"
"site-5bac8db56b7fc6a8",1,"obs-000274"
"site-b14436069c494049",1,"obs-000275"
"site-4c7120f97279b7a1",1,"obs-000276"
"site-f4b6298200783f07",1,"obs-000277"
"site-ed96c813c77f0fca",1,"obs-000278"
"site-806da675d30789c3",1,"obs-000279"
"site-c596efe0976c1e6a",1,"obs-000280"
"site-7c0f96fed090f6e4",1,"obs-000281"
"site-0805ec4ceac271bc",1,"obs-000282"
"site-766bae1bc59ad7ac",1,"obs-000283"
"site-f9f4feb7b7fb20a0",1,"obs-000284"
"site-c7dee76c979000b2",1,"obs-000285"
"site-c770c574736193e6",1,"obs-000286"
"site-f70a151c19da7468",1,"obs-000287"
"site-8af3757819116cfb",1,"obs-000288"
"site-ed78112dfc84f214",1,"obs-000289"
"site-ffc85199603fa28b",1,"obs-000290"
"site-f03578afde6af1dc",1,"obs-000291"
"site-fe7c66e475af5fa4",1,"obs-000292"
"site-ce0f68f3cddf32c5",1,"obs-000293"
"site-78a1c8ac5309e569",1,"obs-000294"
"site-06efb1949437a7dc",1,"obs-000295"
"site-ea6898149a15fe55",1,"obs-000296"
"site-e8c35e5038306e33",1,"obs-000297"
"site-fe06836c5394425f",1,"obs-000298"
"site-7b40d23386a6c0d9",1,"obs-000299"
"site-dad783e793d642b7",1,"obs-000300"
"site-211d54966a2f1e7a",1,"obs-000301"
"site-a60af3558d98b49b",1,"obs-000302"
"site-5f5be18265e8d016",2,"obs-000303;obs-000422"
"site-4393014a5cec6c52",1,"obs-000304"
"site-5d81104b0b4f91f8",1,"obs-000305"
"site-1f40535c5e99f217",1,"obs-000306"
"site-88f52e5fe78ac2b7",1,"obs-000307"
"site-64cc50488bee2b2d",1,"obs-000308"
"site-a436cf1890a3f837",1,"obs-000309"
"site-90fb97df4c02c1f5",1,"obs-000310"
"site-b0731d3b05a71afc",1,"obs-000311"
"site-00b7e347c1ca16dd",1,"obs-000312"
"site-fe48759bb6bb4787",1,"obs-000313"
"site-fba080d7730f2888",1,"obs-000314"
"site-01fae92c06f19059",1,"obs-000316"
"site-e8425e6f36d5d3be",1,"obs-000317"
"site-2cdbe8915028fef6",1,"obs-000318"
"site-40ff99b1d6cc747c",1,"obs-000319"
"site-f494d98d53cb432b",1,"obs-000320"
"site-85c845d537710e39",1,"obs-000321"
"site-21e2bf410ee3a7ee",1,"obs-000322"
"site-3ba67fb6c8456a8a",2,"obs-000323;obs-000485"
"site-491ecaa38d798b56",1,"obs-000324"
"site-0ec1774c648662f6",1,"obs-000325"
"site-5845f6dfccacfcd2",2,"obs-000326;obs-000481"
"site-450432751fb60d47",1,"obs-000327"
"site-ed4866d03b9a68bc",1,"obs-000328"
"site-b555b243de41e29a",1,"obs-000329"
"site-f93868b703153501",1,"obs-000330"
"site-53d42d5394ea7731",1,"obs-000331"
"site-7ac4fc7346e695e4",1,"obs-000332"
"site-25a0cba00a971854",1,"obs-000333"
"site-38b4587cbc5fec69",1,"obs-000334"
"site-2537d4417425d154",1,"obs-000335"
"site-c0b273335f48e983",1,"obs-000336"
"site-c336ff5ef5934622",2,"obs-000337;obs-000530"
"site-9af345f42a2d5da2",1,"obs-000338"
"site-86637f74c5ae10f1",1,"obs-000339"
"site-e740105780890c8d",1,"obs-000340"
"site-75b413eeb75354ad",1,"obs-000341"
"site-a0f0cb42f374061a",1,"obs-000342"
"site-5ecf548243464cc4",1,"obs-000343"
"site-da336e7162415db2",1,"obs-000344"
"site-52cb13718a7f92e5",1,"obs-000345"
"site-8cc94fff5690f25b",1,"obs-000346"
"site-cd2823b31adab271",1,"obs-000347"
"site-592d207e4f6eea1e",1,"obs-000348"
"site-7adadb642ceed199",1,"obs-000349"
"site-1a276c60e60ef929",1,"obs-000350"
"site-58ae45759cd7b826",1,"obs-000351"
"site-6892cf2a2f6e607b",1,"obs-000352"
"site-4723b44944af875b",1,"obs-000353"
"site-a2f0b796744eb52e",1,"obs-000354"
"site-eec7783cfdcdbbe2",1,"obs-000355"
"site-3d6562eb816f8704",1,"obs-000356"
"site-e18acd9803a4cb4b",1,"obs-000357"
"site-a6ff00f1e0ff1006",1,"obs-000358"
"site-d0a7b665063115d2",1,"obs-000359"
"site-2e2e84897ee45c8b",1,"obs-000360"
"site-4b409082dce6006c",1,"obs-000361"
"site-97f95cd1bd10448d",1,"obs-000363"
"site-a8e5863e1dfbec71",1,"obs-000364"
"site-99d42ee666a50290",1,"obs-000365"
"site-612f5a2ff46252db",1,"obs-000366"
"site-497435a0a8773115",1,"obs-000367"
"site-45822a54ce0c6010",1,"obs-000368"
"site-14d8a9c77b879e6d",1,"obs-000369"
"site-db90906c4e95248c",1,"obs-000370"
"site-117e8b49918e942a",1,"obs-000371"
"site-409a7b0db347cf53",1,"obs-000372"
"site-e05ff80c0708819f",1,"obs-000373"
"site-04e33b3a6b88c94b",1,"obs-000374"
"site-309938b687b27f06",1,"obs-000375"
"site-8c18d9972b50ff85",1,"obs-000376"
"site-9d4328627557136c",1,"obs-000377"
"site-2101328dec4910e7",1,"obs-000378"
"site-d8425ccda3399ced",1,"obs-000379"
"site-2cf30844cda0e666",1,"obs-000380"
"site-05045fc3a7da67ba",1,"obs-000381"
"site-4607f2a81e4b3501",1,"obs-000382"
"site-d7ba3e1590383558",1,"obs-000383"
"site-6fd6c22e4a87f1b1",1,"obs-000384"
"site-ada83600c735ab6f",1,"obs-000385"
"site-8215223fa2312d72",1,"obs-000386"
"site-46f15a7f08dae452",1,"obs-000387"
"site-6fadd33a9bfdf7ab",1,"obs-000388"
"site-325bbab335821a36",1,"obs-000389"
"site-d4840a592c3813c5",1,"obs-000390"
"site-de127e52ead1b38c",1,"obs-000391"
"site-aa9ee31b03431010",1,"obs-000392"
"site-81ad46dc3e22b0f7",1,"obs-000393"
"site-21cd735e1beab091",1,"obs-000394"
"site-99aae8714a5ae93f",1,"obs-000395"
"site-5cafea5ae912b9c1",1,"obs-000396"
"site-feddb6dd3af5ef72",1,"obs-000397"
"site-4e59eb9d77736d3c",1,"obs-000398"
"site-f859de407e288706",1,"obs-000399"
"site-0f963bc59b90b717",1,"obs-000400"
"site-535695dc1e5f3fcb",1,"obs-000401"
"site-160005ce4175e202",1,"obs-000402"
"site-07e7e9358719b5ee",1,"obs-000403"
"site-789c3590f41bab0e",1,"obs-000404"
"site-a87f37dc0c313045",1,"obs-000405"
"site-dfd14c390b1fc298",1,"obs-000406"
"site-753e366c9fbbbb26",1,"obs-000407"
"site-e18fab3f70c2d01f",1,"obs-000408"
"site-4f815043ebca9adb",1,"obs-000409"
"site-4589498d656b8839",1,"obs-000411"
"site-483580be24bf695c",1,"obs-000412"
"site-5b0ac7ed26a5c6ca",1,"obs-000413"
"site-0c5197d66b4084f7",1,"obs-000414"
"site-cf29fe4b895a7ca1",1,"obs-000415"
"site-466060fa71d54bef",1,"obs-000416"
"site-aecc02fc1de8a4d6",1,"obs-000417"
"site-105801ffc3c254bc",1,"obs-000418"
"site-35f739852055f280",1,"obs-000419"
"site-00fd621d21fa8255",1,"obs-000420"
"site-c717bea9dbad484a",1,"obs-000423"
"site-a360d8adae38059a",1,"obs-000424"
"site-80d7e2de1b83a55c",1,"obs-000425"
"site-4dc061725927c1dc",1,"obs-000426"
"site-632794e4e6439218",1,"obs-000427"
"site-77b60580f4f055b0",1,"obs-000428"
"site-8c4de1381c83d9fc",1,"obs-000429"
"site-5b1b1d537ad14601",1,"obs-000430"
"site-b34fd9ceeee80859",1,"obs-000431"
"site-54bbed84888cc080",1,"obs-000432"
"site-3d7e02313b291231",1,"obs-000433"
"site-ba85deaee50474fc",1,"obs-000434"
"site-ab3ee3b086fe63c5",1,"obs-000435"
"site-b9f9700aaa0b0615",1,"obs-000436"
"site-134baf2215b0d554",1,"obs-000437"
"site-267a724eac004c52",1,"obs-000438"
"site-ecbd740b04910153",1,"obs-000439"
"site-02c3b1bd26db13e0",1,"obs-000440"
"site-71f6662aaa726fde",1,"obs-000441"
"site-4ef3596744cd538f",1,"obs-000442"
"site-6502edd037c6c2b4",1,"obs-000444"
"site-408e0b8b3dc50c63",1,"obs-000445"
"site-cc77a36b1e0c999f",1,"obs-000446"
"site-f766b3144d7e3228",1,"obs-000447"
"site-b956ad3d4299a20a",1,"obs-000448"
"site-7a2d49768d567307",1,"obs-000449"
"site-8d1d76c1c9209ced",1,"obs-000450"
"site-624708564f3dd499",1,"obs-000451"
"site-520b9466dce3a43d",1,"obs-000452"
"site-76b0768117bf1d1d",1,"obs-000453"
"site-ed56fe24b3b3e28e",1,"obs-000454"
"site-7c3a2b0df1e8e699",1,"obs-000455"
"site-f17cbdd7d45ed541",1,"obs-000456"
"site-20bb4ccd38e717ce",1,"obs-000457"
"site-a53814130607cef0",1,"obs-000458"
"site-234d6d5b45672b5e",1,"obs-000459"
"site-b2fe517c38d86c5a",1,"obs-000460"
"site-63d0416d7ab131bd",1,"obs-000461"
"site-78455609b10e764a",1,"obs-000462"
"site-97091daadefefc7f",1,"obs-000463"
"site-cf164294243ba02b",1,"obs-000464"
"site-336238cfda6e10b0",1,"obs-000465"
"site-489823380df4b559",1,"obs-000466"
"site-95998da711dd7823",1,"obs-000467"
"site-b61fd8da5967be9c",1,"obs-000468"
"site-02e8b7c42b0b9f2f",1,"obs-000469"
"site-2eb2ecca993381cd",1,"obs-000470"
"site-970e06270f390dcf",1,"obs-000471"
"site-8e335ea42423a759",1,"obs-000472"
"site-1a9129a680abca55",1,"obs-000473"
"site-0f69510c79e1b0d2",1,"obs-000474"
"site-77c0ae3015166369",1,"obs-000475"
"site-d2849ecaa5f7f117",1,"obs-000476"
"site-5457382060281a66",1,"obs-000477"
"site-1420523f107a32d0",1,"obs-000478"
"site-14f5ccd83ef8b990",1,"obs-000479"
"site-5469b0a1a66eec77",1,"obs-000480"
"site-6855d42c5976ecaf",1,"obs-000482"
"site-dfad8385808d6194",1,"obs-000483"
"site-c1c24598dbf98d68",1,"obs-000484"
"site-15466889cb92da2e",1,"obs-000486"
"site-8da2c5fe35bf13ec",1,"obs-000487"
"site-6456f08d5ffbba2e",1,"obs-000488"
"site-827e84c6e14b8be5",1,"obs-000489"
"site-c2e217bb8080aa7c",1,"obs-000490"
"site-2de7711aa7e0c6e7",1,"obs-000491"
"site-72bfbdb67ce91a15",1,"obs-000492"
"site-c614e19307f8ed82",1,"obs-000493"
"site-041983647ed19170",1,"obs-000494"
"site-606bf5fc8f2fef3d",1,"obs-000495"
"site-2da07d4c2c754981",1,"obs-000496"
"site-dcab0b641624543f",1,"obs-000497"
"site-40e9f73b70cb1b68",1,"obs-000498"
"site-2841d7c4848dc8ad",1,"obs-000499"
"site-1f0544f078b3e589",1,"obs-000500"
"site-e55024498fcec6f6",1,"obs-000501"
"site-3ffc05c02fb8187e",1,"obs-000502"
"site-f30b637a5979dd59",1,"obs-000503"
"site-1ad6a54e5d062119",1,"obs-000504"
"site-a10a1300e7eb0246",1,"obs-000505"
"site-9d71efe5ac0e5fd1",1,"obs-000506"
"site-4939d4e179c8b828",1,"obs-000507"
"site-9c56d8c6e4f9ae5d",1,"obs-000508"
"site-0f079d966102157d",1,"obs-000509"
"site-77952caa54d720a4",1,"obs-000510"
"site-679ddc3c47c40798",1,"obs-000511"
"site-60fbada86e3a1612",1,"obs-000512"
"site-d3f1278e97e43823",1,"obs-000513"
"site-37e559fa64e2d887",1,"obs-000515"
"site-8e21a43805d3177c",1,"obs-000516"
"site-d3d5358eb15f3dd2",1,"obs-000517"
"site-bbb8fe63b8b8e04f",1,"obs-000518"
"site-feec812e3ac06379",1,"obs-000519"
"site-68c3e0f52ac79cac",1,"obs-000520"
"site-499ada0c759b25da",1,"obs-000521"
"site-425f0ba628b11edc",1,"obs-000522"
"site-4836f6d267fafc46",1,"obs-000523"
"site-64e03686c2f08588",1,"obs-000524"
"site-bc756e54f50218cd",1,"obs-000525"
"site-08361b5e3570ed48",1,"obs-000526"
"site-129b88b8ccd8e04e",1,"obs-000527"
"site-3887ee0b27aaacd0",1,"obs-000528"
"site-808f7c40d8156b01",1,"obs-000529"
"site-25cb98c5235fe169",1,"obs-000531"
"site-597a7c5745b360a2",1,"obs-000532"
"site-739a5d918f828fc7",1,"obs-000533"
"site-c50f76be58fb4a58",1,"obs-000534"
"site-0ba5bc64074fb5a8",1,"obs-000536"
"site-525aa46bbafb0889",1,"obs-000537"
"site-a1abb5c302b6158f",1,"obs-000538"
"site-56249ec64c82597b",1,"obs-000539"
"site-bf7b474997fc104d",1,"obs-000540"
"site-e2a3543fd6f9d58d",1,"obs-000541"
"site-66fb13427452ff23",1,"obs-000542"
"site-e2deeabeb392082b",1,"obs-000543"
"site-b613cb2f6e9968af",1,"obs-000544"
"site-635540b8d5f9cc1b",1,"obs-000545"
"site-26f181c50e3d9cd5",1,"obs-000546"
"site-c77c313823474933",1,"obs-000547"
"site-0c91e27d32123fa0",1,"obs-000548"
"site-83f7ef94d32776f1",1,"obs-000549"
"site-f6470cb1ee519664",1,"obs-000550"
"site-ea417facc7e20577",1,"obs-000551"
"site-fb806effeb9aec2e",1,"obs-000552"
"site-c1dc4ab6ce336208",1,"obs-000553"
"site-2adde96ce88b64ef",1,"obs-000554"
"site-dd733f5ef0897d41",1,"obs-000555"
"site-4cffd542c5671b02",1,"obs-000556"
"site-9bca9344ec749be2",1,"obs-000557"
"site-2c9ef548491bab87",1,"obs-000558"
"site-1be961d6f75529bc",1,"obs-000559"
"site-b50f1a1fe07159fc",1,"obs-000560"
"site-ff74795edccb0d0a",1,"obs-000561"
"site-e0124bbd433f0e13",1,"obs-000562"
"site-b27e7a2209881f6b",1,"obs-000563"
"site-b7e39e1a16055074",1,"obs-000564"
"site-6c03b82dba0e7c48",1,"obs-000565"
"site-f30c5656be45be44",1,"obs-000566"
"site-0c86571889d2f5cb",1,"obs-000567"
"site-516a42cdc275647a",1,"obs-000569"
"site-94d47a19a8487da8",1,"obs-000570"
"site-0ea80323ed1c6d73",1,"obs-000571"
"site-06dae76009da66c7",1,"obs-000572"
"site-7f3f4df9b038eaf3",1,"obs-000573"
"site-ee96d37cbcd6bed4",1,"obs-000574"
"site-d1bcecb2e2f87f6a",1,"obs-000575"
"site-b26e293821ce7083",1,"obs-000576"
"site-0454cf546e241661",1,"obs-000577"
"site-989128deb7284eb6",1,"obs-000578"
"site-47ec21e1246721ea",1,"obs-000579"
"site-f6870a97a99d3180",1,"obs-000580"
"site-d6d53163f273b6ce",1,"obs-000581"
"site-fd2efdbdc16afb9e",1,"obs-000582"
"site-e9211a946e62f40c",1,"obs-000584"
"site-43e0dceff551a9ce",1,"obs-000585"
"site-27304e8c235166e9",1,"obs-000586"
"site-7d29689930287814",1,"obs-000587"
"site-7fb6af41e54d471a",1,"obs-000588"
"site-832f47cdab4b14c4",1,"obs-000589"
"site-e8a9609f78fb1d2a",1,"obs-000590"
"site-14f95f2b1a467d66",1,"obs-000591"
"site-92d934da81422a18",1,"obs-000592"
"site-723a43d1d60e9915",1,"obs-000593"
"site-10632763c9434cd7",1,"obs-000594"
"site-968cde030e1b1159",1,"obs-000595"
"site-2ccc2e07408f7936",1,"obs-000596"
"site-7a27e739647d60dc",1,"obs-000597"
"site-c5eb8f4f1f6c6ed3",1,"obs-000598"
"site-81bab8407e331c0c",1,"obs-000599"
"site-cfd62453f01e3191",1,"obs-000600"
"site-1a9375b2b4b17cba",1,"obs-000601"
"site-150f4b1f727c81f8",1,"obs-000602"
"site-caa3b12abf9fed30",1,"obs-000603"
"site-84266efc5807a0fa",1,"obs-000604"
"site-025e2ac77651acf7",1,"obs-000605"
"site-5441170369676904",1,"obs-000606"
"site-6e63309993daa35c",1,"obs-000608"
"site-98d785777612a957",1,"obs-000609"
"site-7cc2cdd6c4655bbe",1,"obs-000610"
"site-2875d87966de6ffc",1,"obs-000611"
"site-c0ac52a66f1c907a",1,"obs-000612"
"site-1d8404bbc242045d",1,"obs-000613"
"site-3313f0843291ae2b",1,"obs-000614"
"site-30a1334726ad914a",1,"obs-000615"
"site-87de9deb8facf65c",1,"obs-000616"
"site-3868ff52dc76ac43",1,"obs-000617"
"site-4d6a56481bf5a659",1,"obs-000618"
"site-b437b6394434d618",1,"obs-000619"
"site-221aed7ef80af65e",1,"obs-000620"
"site-44043bca6b7a1453",1,"obs-000621"
"site-357b29d99f342c8d",1,"obs-000622"
"site-901bc7617193d748",1,"obs-000623"
"site-3cc55feda533e0b9",1,"obs-000624"
"site-f42fb17c5eee0696",1,"obs-000625"
"site-0d4121188ad0d268",1,"obs-000626"
"site-9874b604b216e4cb",1,"obs-000627"
"site-667672e1814b8111",1,"obs-000628"
"site-9d330175e56b9179",1,"obs-000629"
"site-abaa4fc8511ca6f6",1,"obs-000630"
"site-0215152e020ce2e2",1,"obs-000631"
"site-c401000039ae1836",1,"obs-000632"
"site-65b0c33cd2554816",1,"obs-000633"
"site-7de8a7c90145e9d1",1,"obs-000634"
"site-a703563977ba999c",1,"obs-000635"
"site-3994d7b4d6f083d7",1,"obs-000636"
"site-f1f6b6b73ac2cd99",1,"obs-000637"
"site-efa3dc04375f7f6f",1,"obs-000638"
"site-2097f52505edbd75",1,"obs-000639"
"site-c70ef13a40711878",1,"obs-000640"
"site-0022600b7f146096",1,"obs-000641"
"site-4caaaa472ffafacb",1,"obs-000642"
"site-a04879e3ea7698e5",1,"obs-000643"
"site-8ed6b13d47e02597",1,"obs-000644"
"site-7b2b8b18a8c851c6",1,"obs-000645"
"site-45522cd1511e7731",1,"obs-000646"
"site-f3c3d47c19f98dc9",1,"obs-000647"
"site-982baf267db73595",1,"obs-000648"
"site-2107749858e8203e",1,"obs-000649"
"site-7b84910f3084e8c4",1,"obs-000650"
"site-0b1ec04cd0ee9e03",1,"obs-000651"
"site-789024523cb0f7e1",1,"obs-000652"
"site-2fb89f7292e869c9",1,"obs-000653"
"site-50c99747a4fb8e3a",1,"obs-000654"
"site-0bbc72c8c1b5f883",1,"obs-000655"
"site-89d97083278f59e9",1,"obs-000656"
"site-dcd6c1e74647aff0",1,"obs-000657"
"site-1a9868f74f088a61",1,"obs-000658"
"site-f65c25ea9f9d58ed",1,"obs-000659"
"site-7e35bb5fd906b22a",1,"obs-000660"
"site-005453d930065b1b",1,"obs-000661"
"site-eef2c38c3ba6db2f",1,"obs-000662"
"site-c4cfa11f6cfeb8b2",1,"obs-000663"
"site-9a7957cb7e60a5fd",1,"obs-000664"
"site-2eb55a2bd9dabf64",1,"obs-000665"
"site-356bc1e556c4ed3b",1,"obs-000666"
"site-b0d61292b2c29c70",1,"obs-000667"
"site-0a11afb662a7e285",1,"obs-000668"
"site-a3f79857d1946bb1",1,"obs-000669"
"site-34591f46ad32c294",1,"obs-000670"
"site-2e4d884b89060933",1,"obs-000671"
"site-bd424fb93d710c52",1,"obs-000672"
"site-f15ab54db60f6024",1,"obs-000673"
"site-645ae02b3fb9cdbf",1,"obs-000674"
"site-daa60ee1dd8fb734",1,"obs-000675"
"site-892575bb29e4fd96",1,"obs-000676"
"site-40e59ce4edbdac6e",1,"obs-000677"
"site-c62321900bf4e88d",1,"obs-000678"
"site-358c31018b39ca5a",1,"obs-000679"
"site-aa52378af38cbc2b",1,"obs-000680"
"site-6964b862fdf85d32",1,"obs-000681"
"site-39673e33a046732f",1,"obs-000682"
"site-19378e20aa9b53da",1,"obs-000683"
"site-f2270258fe39c279",1,"obs-000684"
"site-f4aeecd9f2d7b031",1,"obs-000685"
"site-326e43e194da0bed",1,"obs-000686"
"site-c1f58233e36b261a",1,"obs-000687"
"site-801b49e42c30304c",1,"obs-000688"
"site-0987a547dbf9a057",1,"obs-000689"
"site-56eb1f7dfc03dce1",1,"obs-000690"
"site-b1c42a15e238d873",1,"obs-000691"
"site-31a239311e7b1592",1,"obs-000692"
"site-b742951ff0946881",1,"obs-000693"
"site-f29d28c70f605a94",1,"obs-000694"
"site-c2d9cd6760e221a1",1,"obs-000695"
"site-4b0c7ebb22fe50ee",1,"obs-000696"
"site-0ed28e0f9bc4a21a",1,"obs-000697"
"site-08cab6dc517e9545",1,"obs-000698"
"site-42bd549fe9a1a724",1,"obs-000699"
"site-9d57b9a2473ba56b",1,"obs-000700"
"site-54d1bec7ea138382",1,"obs-000701"
"site-21709f9ff595b970",1,"obs-000702"
"site-6ec15aedd6fe897f",1,"obs-000703"
"site-4d35c8466bc263b0",1,"obs-000704"
"site-58473596763283be",1,"obs-000705"
"site-c76388e0605440e5",1,"obs-000706"
"site-52e95b23baf1ea85",1,"obs-000707"
"site-c8a44ace3a15ce84",1,"obs-000708"
"site-badc81a11861cc83",1,"obs-000709"
"site-a5b3d21312ab1622",1,"obs-000710"
"site-b9c2fa119c6800da",1,"obs-000711"
"site-83b2f192abb5bfa8",1,"obs-000712"
"site-3973533cb4b6d0ed",1,"obs-000713"
"site-6713c82be1a06a01",1,"obs-000714"
"site-5aa31185546ffa6e",2,"obs-000715;obs-000719"
"site-cf03fc63df8cd6ea",1,"obs-000716"
"site-db8ed8cc515ea65c",1,"obs-000717"
"site-7c609a55c518f38b",1,"obs-000718"
"site-3a28b1d12a180bf8",1,"obs-000720"
"site-6b2058eb527c86e4",1,"obs-000721"
"site-2ff27c1717445bb3",1,"obs-000722"
"site-b41852903278759c",1,"obs-000723"
"site-447bf9a548ae0c52",1,"obs-000724"
"site-db48dd8ecacdf5c5",1,"obs-000725"
"site-485225ef3f56672f",1,"obs-000726"
"site-aa0bed059d1c885d",1,"obs-000727"
"site-b59b8c982e01a6ed",1,"obs-000728"
"site-015f6f8d3e6f9c48",1,"obs-000729"
"site-7b4f7d555132f2af",1,"obs-000730"
"site-1d41f3fa763cbbf5",1,"obs-000731"
"site-bb95c33dcb1052cf",1,"obs-000732"
"site-e51b4eda86fec5a5",1,"obs-000733"
"site-092dea777c813e9f",1,"obs-000734"
"site-a9012eb6429c240a",1,"obs-000735"
"site-587874493e938e9d",1,"obs-000736"
"site-edb0fe78cd110d03",1,"obs-000737"
"site-ab2b254919863a15",1,"obs-000738"
"site-5dc1df549f7ce2d4",1,"obs-000739"
"site-7b50c127c4395c09",1,"obs-000740"
"site-65b0fb7266f87d1d",1,"obs-000741"
"site-e3d1cbf59c585d04",1,"obs-000742"
"site-2221451fff76aac5",1,"obs-000743"
"site-937172ca7b56bf43",1,"obs-000744"
"site-9e99848cc94a5081",1,"obs-000745"
"site-7c2b271c9527d45c",1,"obs-000746"
"site-867ea2b5189d86f2",1,"obs-000747"
"site-aa0cecbee69a573a",1,"obs-000748"
"site-b29a183b6701bf46",1,"obs-000749"
"site-30d3a9b10005e572",1,"obs-000750"
"site-ad3290229052660a",1,"obs-000751"
"site-a1d3a9ac0d7236cb",1,"obs-000752"
"site-8b79420db7d9c010",1,"obs-000753"
"site-d11d7989b9a20574",1,"obs-000754"
"site-907171bd9b3812f9",1,"obs-000755"
"site-662d9dcc4210a9ea",1,"obs-000756"
"site-88ce98a94a18ff5a",1,"obs-000757"
"site-49222c64e334214f",1,"obs-000758"
"site-d0eeaad9623645fd",1,"obs-000759"
"site-323d2b8807481c78",1,"obs-000760"
"site-bd4386c92480ed89",1,"obs-000761"
"site-de64304d5b205581",1,"obs-000762"
"site-ff66708451c36e3f",1,"obs-000763"
"site-9fb3b92cd9ab56ba",1,"obs-000764"
"site-6bb524faf7304d4c",1,"obs-000765"
"site-309746c7e60aa4ad",1,"obs-000766"
"site-00c36650f45b1dc6",1,"obs-000767"
"site-e88c5f649d434438",1,"obs-000768"
"site-e8bbd0ed0b007741",1,"obs-000769"
"site-b65153425d1a6ea2",1,"obs-000770"
"site-4e5b280902ddf059",1,"obs-000771"
"site-5d9c9a4f68cd3424",1,"obs-000772"
"site-07a7b2408ee02cc0",1,"obs-000773"
"site-b94a96cf580c2399",1,"obs-000774"
"site-2c1bb2394fbd3d3a",1,"obs-000775"
"site-4eeab5978d1fc76c",1,"obs-000776"
"site-4a514fbc7206c110",1,"obs-000777"
"site-2829fe3cd9b0d9c4",1,"obs-000778"
"site-8293d09e14e8859a",1,"obs-000779"
"site-617bbd81e573d8b8",1,"obs-000780"
"site-15a3a86b239c2912",1,"obs-000781"
"site-9c4075590e0d9214",1,"obs-000782"
"site-257769ae8557c36a",1,"obs-000783"
"site-9cb81a99fa4bd7da",1,"obs-000784"
"site-2e4362d1a82760e0",1,"obs-000785"
"site-d1cb6ad523d73641",1,"obs-000786"
"site-fe86d79ba07f7317",1,"obs-000787"
"site-a5911dcebe15f9c8",1,"obs-000788"
"site-76d3709c509c043e",1,"obs-000789"
"site-24052585121bb2ae",1,"obs-000790"
"site-db935d598c3838ec",1,"obs-000791"
"site-61302e2560af1491",1,"obs-000792"
"site-a1c1b32fc729eb90",1,"obs-000793"
"site-073a7d1f0314f7e1",1,"obs-000794"
"site-e5a4f41ccf163b03",1,"obs-000795"
"site-0630df637a3c3cf8",1,"obs-000796"
"site-1334a274e7d87806",1,"obs-000797"
"site-38f6424488cc668f",1,"obs-000798"
"site-4afd4b81b6703adf",1,"obs-000799"
"site-83d76759f7a41841",1,"obs-000800"
"site-300b618dc0e765c0",1,"obs-000801"
"site-b35e0ca4bf3dd390",1,"obs-000802"
"site-0941bf53ae5b51ca",1,"obs-000803"
"site-e8cc2ac21eb74e51",1,"obs-000804"
"site-65efb7fdd74c8195",1,"obs-000805"
"site-ce87ef08b1043d89",1,"obs-000806"
"site-d93325caaaf9e2bb",1,"obs-000807"
"site-06a5fccd230de66b",1,"obs-000808"
"site-b330c33b3148fcda",1,"obs-000809"
"site-78e96edbca2e4888",1,"obs-000810"
"site-a562ae2b41ee08b0",1,"obs-000811"
"site-18b109707f2be262",1,"obs-000812"
"site-a125e93820ec93f6",1,"obs-000813"
"site-05050a2dd6b236f4",1,"obs-000814"
"site-d46e5d4b1b633ea7",1,"obs-000815"
"site-e33cca42ddbcfb4b",1,"obs-000816"
"site-47125ed5341d8430",1,"obs-000817"
"site-2968897138db516a",1,"obs-000818"
"site-48bfb3f5df1c1bbf",1,"obs-000819"
"site-ac1a0de82c2f3ec3",1,"obs-000820"
"site-c88530308acb9e52",1,"obs-000821"
"site-f26ed216bad5019f",1,"obs-000822"
"site-f2f6521b93fe71c4",1,"obs-000823"
"site-687975299a999c3b",1,"obs-000824"
"site-cd485c40d5703ebd",1,"obs-000825"
"site-4980e0947657c917",1,"obs-000826"
"site-7676093f915745c8",1,"obs-000827"
"site-f85c90f9175b8897",1,"obs-000828"
"site-510522a7c6853987",1,"obs-000829"
"site-ba2414ee91ade045",1,"obs-000830"
"site-5afeaf1f09db0734",1,"obs-000831"
"site-cc25a1c45ae18a22",1,"obs-000832"
"site-ed2d796c0402787d",1,"obs-000833"
"site-6a73f50c5bbe8d5a",1,"obs-000834"
"site-528679aeddfebe11",1,"obs-000835"
"site-84e8d1c69a3fa332",1,"obs-000836"
"site-668be65b70a039e2",1,"obs-000837"
"site-cda30173ef51d935",1,"obs-000838"
"site-aa1088955db653cb",1,"obs-000839"
"site-30dd2e5fab9e8e51",1,"obs-000840"
"site-f734f9ed9c4383b3",1,"obs-000841"
"site-a13d310302fae86f",1,"obs-000842"
"site-7e580315b5bdfbd4",1,"obs-000843"
"site-cef52408f74eb8b0",1,"obs-000844"
"site-157b5f6cbda501da",1,"obs-000845"
"site-861b53373069f2f7",1,"obs-000846"
"site-270a7bb87ea6507d",1,"obs-000847"
"site-e7604124dd831a88",1,"obs-000848"
"site-7bccf84cde6b2f04",1,"obs-000849"
"site-e5142845802b680a",1,"obs-000850"
"site-ef6d8f3ca74d1c54",1,"obs-000851"
"site-fd83f7677e43170c",1,"obs-000852"
"site-c68df24d0b79ab59",1,"obs-000853"
"site-2788bf0416df0f8f",1,"obs-000854"
"site-cb7799aaa43995f0",1,"obs-000855"
"site-b412a1d2d6dfc8c3",1,"obs-000856"
"site-6a5ad7b49d2f7fd1",1,"obs-000857"
"site-dce562b728f593ad",1,"obs-000858"
"site-253c183dd1b82956",1,"obs-000859"
"site-cc4f9443d9c4c9b6",1,"obs-000860"
"site-262b60859e5911ee",1,"obs-000861"
"site-25b67fd26cebc523",1,"obs-000862"
"site-b14195f2b29e1db7",1,"obs-000863"
"site-d4e2e0ae667586a7",1,"obs-000864"
"site-a19be3b3dd33fe11",1,"obs-000865"
"site-3cfd5af642f39b8a",1,"obs-000866"
"site-f9d9cd46ae5b2ecd",1,"obs-000867"
"site-a7b723cd1e67b637",1,"obs-000868"
"site-e3a505a70185db3c",1,"obs-000869"
"site-748ddaf36c7566cb",1,"obs-000870"
"site-d76c97cbbd242c6d",1,"obs-000871"
"site-c60863768266b2a5",1,"obs-000872"
"site-76e34bc7c83b9d21",1,"obs-000873"
"site-a608186b83eaffdb",1,"obs-000874"
"site-65ddc3a17aa81c03",1,"obs-000875"
"site-6816e8a6394f6704",1,"obs-000876"
"site-39a5a0fd99c0e948",1,"obs-000877"
"site-93e51fe47aeec17c",1,"obs-000878"
"site-028124bb1bb42ae5",1,"obs-000879"
"site-cd4fc9fe31e0c10f",1,"obs-000880"
"site-e379624888b1ce08",1,"obs-000881"
"site-d117d7014cdace89",1,"obs-000882"
"site-4348ef40c9381238",1,"obs-000883"
"site-199964a5c605a7c0",1,"obs-000884"
"site-c59efef7a791d977",1,"obs-000885"
"site-a779979d48ae9dd8",1,"obs-000886"
"site-014a011e6bf4cdfc",1,"obs-000887"
"site-67f03820a9e5be67",1,"obs-000888"
"site-3c811aaf7a74d501",1,"obs-000889"
"site-c01fb28219547331",1,"obs-000890"
"site-773f7d2876db2251",1,"obs-000891"
"site-7b2c84e48e38ea2b",1,"obs-000892"
"site-61787bd47751bd5b",1,"obs-000893"
"site-c92dc8e031f9ed85",1,"obs-000894"
"site-e12f09555daa999d",1,"obs-000895"
"site-f8b754a7491377a9",1,"obs-000896"
"site-d2d32b7b04eda537",1,"obs-000897"
"site-fe87992b599e326e",1,"obs-000898"
"site-2ce96541b815c6e1",1,"obs-000899"
"site-3e5a17158c81bf66",1,"obs-000900"
"site-1bb43e708d085494",1,"obs-000901"
"site-b9664a29d4cf53f0",1,"obs-000902"
"site-b54b5951d3779a19",1,"obs-000903"
"site-46959cda96ecaa1c",1,"obs-000904"
"site-5a32d9086ed863d2",1,"obs-000905"
"site-56cb32a3c71e45cf",1,"obs-000906"
"site-d765e84762acd5a1",1,"obs-000907"
"site-60cc72e7c6bc35d6",1,"obs-000908"
"site-aa0b3fd0081b2d02",1,"obs-000909"
"site-dce156f93c0c2845",1,"obs-000910"
"site-21fdc14ca7d96d61",1,"obs-000911"
"site-5d46a34a9c1c220b",1,"obs-000912"
"site-ab77498b2c5aafa4",1,"obs-000913"
"site-01c0e1c9d3025157",1,"obs-000914"
"site-c7d16f8a4d9a7c96",1,"obs-000915"
"site-837bbcccaec2ed7c",1,"obs-000916"
"site-c5394c80d9b6bebe",1,"obs-000917"
"site-3c83711c8adff606",1,"obs-000918"
"site-43f8f93fe8ad256c",1,"obs-000919"
"site-8db0208ce571a476",1,"obs-000920"
"site-38e30110a89195a1",1,"obs-000921"
"site-97dc7e8af59001f5",1,"obs-000922"
"site-a0057f0cc996d838",1,"obs-000923"
"site-8b4579e44c838821",1,"obs-000924"
"site-e6fd93cd2c69f150",1,"obs-000925"
"site-1c230223f13b8045",1,"obs-000926"
"site-fd667166c333948a",1,"obs-000927"
"site-38dcd636625922e7",1,"obs-000928"
"site-baa0bdc13046c297",1,"obs-000929"
"site-48e6da9adf9b9705",1,"obs-000930"
"site-fee0ec0bf62f1b71",1,"obs-000931"
"site-49e751c63a66c20f",1,"obs-000932"
"site-4bad7dea8327d029",1,"obs-000933"
"site-c4d0736a9f9ffbb3",1,"obs-000934"
"site-a150d371d5208148",1,"obs-000935"
"site-1cb7e975e62f2104",1,"obs-000936"
"site-3692c17eb3027151",1,"obs-000937"
"site-b6474c16f3fa6668",1,"obs-000938"
"site-71fa558adda8f878",1,"obs-000939"
"site-df052b305b715375",1,"obs-000940"
"site-e807aacc20a4914e",1,"obs-000941"
"site-3e8fa96e206281cc",1,"obs-000942"
"site-467e5caf36793302",1,"obs-000943"
"site-3640dd9ee9adc83c",1,"obs-000944"
"site-64b94709e03454e0",1,"obs-000945"
"site-4e2320f61d253baa",1,"obs-000946"
"site-a54030b502d7d398",1,"obs-000947"
"site-bdbd99c7e985deeb",1,"obs-000948"
"site-6fc55ab040a9479d",1,"obs-000949"
"site-5bd0147bbddd0981",1,"obs-000950"
"site-086bc02a3fb1320e",1,"obs-000951"
"site-9a49bce9cbf4bc22",1,"obs-000952"
"site-fa350a7302251341",1,"obs-000953"
"site-018b7316410b430b",1,"obs-000954"
"site-84ee957443c86dae",1,"obs-000955"
"site-0f86348b22f431fe",1,"obs-000956"
"site-045f06025ce72d55",1,"obs-000957"
"site-a9ed1c1300a64ec6",1,"obs-000958"
"site-f4eb35dd1cc85c87",1,"obs-000959"
"site-3e8bd475cf58c5fa",1,"obs-000960"
"site-4ef2bb589bca7758",1,"obs-000961"
"site-b6ccb063c37bc952",1,"obs-000962"
"site-e8f8ccf9c1ed299e",1,"obs-000963"
"site-15dde00f3baa9c09",1,"obs-000964"
"site-99539b71a368b8ef",1,"obs-000965"
"site-73c7e6ebf67634e5",1,"obs-000966"
"site-ce5bc50f777d0cf4",1,"obs-000967"
"site-999e742e2e6a018e",1,"obs-000968"
"site-b76bacd77c756eeb",1,"obs-000969"
"site-9db2502d72076778",1,"obs-000970"
"site-3e8b5e5317a3bd1f",1,"obs-000971"
"site-6de45d9025b64ce8",1,"obs-000972"
"site-69f260b6c5f510ff",1,"obs-000973"
"site-916c4f5bcfeb9c89",1,"obs-000974"
"site-7115164d71b7c440",1,"obs-000975"
"site-6e68108fbd49d2e3",1,"obs-000976"
"site-68909a6675c34bb1",1,"obs-000977"
"site-fa6f2b3bb13a55df",1,"obs-000978"
"site-7c8567f1ae3b42e2",1,"obs-000979"
"site-c2ef63197cfb76e5",1,"obs-000980"
"site-1a04e55abb279be0",1,"obs-000981"
"site-f2d59f53af437fee",1,"obs-000982"
"site-18e4e5a633065614",1,"obs-000983"
"site-fdfa932a0f1b95d3",1,"obs-000984"
"site-02a5a796339df590",1,"obs-000985"
"site-19c36d190558fbdf",1,"obs-000986"
"site-7603a56760188d6c",1,"obs-000987"
"site-ebb3b11946d5bd66",1,"obs-000988"
"site-fe1f87bb63faef48",1,"obs-000989"
"site-7baef73ba80c06f4",1,"obs-000990"
"site-a5e9ac2527f6a090",1,"obs-000991"
"site-39c107bb690f5ae8",1,"obs-000992"
"site-4710bf01ab18b25a",1,"obs-000993"
"site-b847e5ab56c6f50f",1,"obs-000994"
"site-3c043b099f311b5f",1,"obs-000995"
"site-238ab2b43c4b8edf",1,"obs-000996"
"site-ddb5c87a67b4f020",1,"obs-000997"
"site-36766f157a8cb806",1,"obs-000998"
"site-a137dc4eba356f78",1,"obs-000999"
"site-7a2b28e815499e79",1,"obs-001000"
"site-44b1c5522ec5c6cc",1,"obs-001001"
"site-fd65b979658c4e93",1,"obs-001002"
"site-58afcdf90b952aaa",1,"obs-001003"
"site-40704b2b8a1039c3",1,"obs-001004"
"site-d4a5ba472391198d",1,"obs-001005"
"site-31df1f7ae5e7628f",1,"obs-001006"
"site-2a0f6983a781dc3a",1,"obs-001007"
"site-eb1746f0930c71fb",1,"obs-001008"
"site-864b1798c296bde0",1,"obs-001009"
"site-4a932d066a47f131",1,"obs-001010"
"site-0d404d8da6ea91dd",1,"obs-001011"
"site-727617f72aca589c",1,"obs-001012"
"site-3959bfc721c48d84",1,"obs-001013"
"site-69c7c924e48151ca",1,"obs-001014"
"site-74d81efca58618a3",1,"obs-001015"
"site-ea5f4a6effe2ccb3",1,"obs-001016"
"site-24c7a7bea78b801d",1,"obs-001017"
"site-04f0225656a6ff3d",1,"obs-001018"
"site-bea71ae842d54594",1,"obs-001019"
"site-d9ee1f216d8c2622",1,"obs-001020"
"site-b417bab0e82f6c02",1,"obs-001021"
"site-e357ca51b05958bd",1,"obs-001022"
"site-08ead3d7f71a5047",1,"obs-001023"
"site-dbed1b1113f57160",1,"obs-001024"
"site-61efa6d829d01685",1,"obs-001025"
"site-5b5da6480a00a620",1,"obs-001026"
"site-0f013eb52c6d6944",1,"obs-001027"
"site-987fce394b0c1b68",1,"obs-001028"
"site-8e4611bac744aa31",1,"obs-001029"
"site-2af83fc2a28fc4cb",1,"obs-001030"
"site-8a94ca804e1f32f6",1,"obs-001031"
"site-39e9f285737f5366",1,"obs-001032"
"site-ac2f76c4ebae6674",1,"obs-001033"
"site-9fe650127f1f1271",1,"obs-001034"
"site-6c06cb746c51be77",1,"obs-001035"
"site-95dc672c62e71f4c",1,"obs-001036"
"site-9fb1f5386aed1dfc",1,"obs-001037"
"site-69c7e262d2dc6cec",1,"obs-001038"
"site-c8fb1b6e3171af1f",1,"obs-001039"
"site-b938c072681967a0",1,"obs-001040"
"site-ab84f4908a3b80c8",1,"obs-001041"
"site-8f0eb12420da7eb7",1,"obs-001042"
"site-52b4f59217ad315d",1,"obs-001043"
"site-0dd686e6f7ed878f",1,"obs-001044"
"site-c4d351207cf1ec7b",1,"obs-001045"
"site-b62f2eb1b4d5cc70",1,"obs-001046"
"site-5fc6d6e61bcc1d7d",1,"obs-001047"
"site-2dc3f4bd7abd1e39",1,"obs-001048"
"site-1a112d587f261998",1,"obs-001049"
"site-6e0424cf34e608ea",1,"obs-001050"
"site-b8a7f8ada81a6892",1,"obs-001051"
"site-72f8de409e0a1d29",1,"obs-001052"
"site-a6f46f9f13e7d14b",1,"obs-001053"
"site-fbfa2c3e0198d2f5",1,"obs-001054"
"site-2607fb53e3bf1935",1,"obs-001055"
"site-1d46513255b37191",1,"obs-001056"
"site-86abd6f13c3723be",1,"obs-001057"
"site-063c06b884292365",1,"obs-001058"
"site-6ce02478ee99cf14",1,"obs-001059"
"site-b7325a37f8163c94",1,"obs-001060"
"site-3ce9ecdad1e14e16",1,"obs-001061"
"site-83de56b03ede6b62",1,"obs-001062"
"site-0cedb864c13409cf",1,"obs-001063"
"site-64a99dc3bf908b11",2,"obs-001064;obs-001065"
"site-58da610d25f2b773",1,"obs-001066"
"site-589e78d2dfab8ed9",1,"obs-001067"
"site-bba366cea7318cb8",1,"obs-001068"
"site-d305e6ada47c241f",1,"obs-001069"
"site-811d4f75163e6f2f",1,"obs-001070"
"site-2de41e7552d93188",1,"obs-001071"
"site-88866f8d4482d336",1,"obs-001072"
"site-e8772a5c8f183ee0",1,"obs-001073"
"site-55e021defe1937dd",1,"obs-001074"
"site-cd22a3979cf4c2fc",1,"obs-001075"
"site-233014f0030499f6",1,"obs-001076"
"site-34c303931d668f59",1,"obs-001077"
"site-f43860857ca9b51a",1,"obs-001078"
"site-118a7dc9a16b6e67",1,"obs-001079"
"site-8e08f9cfa4296002",1,"obs-001080"
"site-b6982d2a1e4776d1",1,"obs-001081"
"site-5926255e15a79e31",1,"obs-001082"
"site-082c51bf6af894a3",1,"obs-001083"
"site-688b41d5507369cb",1,"obs-001084"
"site-1b52132cab8ea2af",1,"obs-001085"
"site-10207089ac8a7a07",1,"obs-001086"
"site-5fd09442db08c904",1,"obs-001087"
"site-87e991ea22c5d5ee",1,"obs-001088"
"site-8c2ae0dc30213001",1,"obs-001089"
"site-b68a2adaf807edfb",1,"obs-001090"
"site-14d16aa8de1d61bb",1,"obs-001091"
"site-b6c37a1def8e7020",1,"obs-001092"
"site-96bd4016dceaff89",1,"obs-001093"
"site-bad27ed8b08077d2",1,"obs-001094"
"site-9714fa52b1ee7496",1,"obs-001095"
"site-bbc272109b4d531d",1,"obs-001096"
"site-2f6373e228095dd6",1,"obs-001097"
"site-d95baac525d8845d",1,"obs-001098"
"site-bc109893b030d114",1,"obs-001099"
"site-7814429cfbaa8fd5",1,"obs-001100"
"site-18626be83d15058d",1,"obs-001101"
"site-7e7be5318c56e6e9",1,"obs-001102"
"site-a5b5fcfe96157545",1,"obs-001103"
"site-098ef645949034f2",1,"obs-001104"
"site-8ec77e5c06f05a01",1,"obs-001105"
"site-01898414254f73e6",1,"obs-001106"
"site-e58cbf2b219c0673",1,"obs-001107"
"site-8828502efedf674f",1,"obs-001108"
"site-3af6923f000e592a",1,"obs-001109"
"site-7fef8310803d4523",1,"obs-001110"
"site-37b88ca80721e5bc",1,"obs-001111"
"site-b87235f72b55f324",1,"obs-001112"
"site-2c6752b53ab15456",1,"obs-001113"
"site-0b855b8e2da34a72",1,"obs-001114"
"site-3345f9bafaaef345",1,"obs-001115"
"site-9b4102b2686f0b42",1,"obs-001116"
"site-45c9578f0efe58dd",1,"obs-001117"
"site-dda44c808414befe",1,"obs-001118"
"site-7b31e6e4359680ab",1,"obs-001119"
"site-dc2d392593fad43a",2,"obs-001120;obs-001121"
"site-299582652af43c94",1,"obs-001122"
"site-ef5ce93d99f30030",1,"obs-001123"
"site-93148843799d3996",1,"obs-001124"
"site-cd145c1dff4cc545",1,"obs-001125"
"site-42bf885b4f2dad45",1,"obs-001126"
"site-cf1b97f54060d1a5",1,"obs-001127"
"site-e825c96b49720964",1,"obs-001128"
"site-534d00a289d85d5c",1,"obs-001129"
"site-7e294ab3da14fe34",1,"obs-001130"
"site-f105818fe042b147",1,"obs-001131"
"site-9a0c978266e75278",1,"obs-001132"
"site-9fde293764f41c64",1,"obs-001133"
"site-a086ee9d3b9b7a46",1,"obs-001134"
"site-7571553e9d40de2d",1,"obs-001135"
"site-674d1fab1c406538",1,"obs-001136"
"site-b8c304563895e098",1,"obs-001137"
"site-8ee001e5475aaca4",1,"obs-001138"
"site-62ebf8deedc3cd81",1,"obs-001139"
"site-ea674955f6bd2e19",1,"obs-001140"
"site-bb5bcab214fb09f0",1,"obs-001141"
"site-b00a24c3c8c08274",1,"obs-001142"
"site-f97512c1d6550928",1,"obs-001143"
"site-86988e480197c972",1,"obs-001144"
"site-a9fdc9264ef7bd7b",1,"obs-001145"
"site-1a9a11a024ba43e8",1,"obs-001146"
"site-7b6b67f40a28339d",1,"obs-001147"
"site-b41101fe2584b2bd",1,"obs-001148"
"site-ebfe76ef58be6e37",1,"obs-001149"
"site-5d235e0a2a25ae12",1,"obs-001150"
"site-633ca73c497c8c7f",1,"obs-001151"
"site-ecfc215f61673516",1,"obs-001152"
"site-71536a029437b602",1,"obs-001153"
"site-e3582e5bd1466ac7",1,"obs-001154"
"site-d27f732825c30cea",1,"obs-001155"
"site-49f74e2f9dc3afe8",1,"obs-001156"
"site-fe570705ef410493",1,"obs-001157"
"site-7839973e48b11e64",1,"obs-001158"
"site-996c118e4bffc87b",1,"obs-001159"
"site-d8fc39e136ca6a9b",1,"obs-001160"
"site-b17ac261d69eacd1",1,"obs-001161"
"site-1cf0fced305f7151",1,"obs-001162"
"site-17d4201e3794c5cd",1,"obs-001163"
"site-e10c69022ff9dacb",1,"obs-001164"
"site-e28210af19369848",1,"obs-001165"
"site-4fef04088e83c5b1",1,"obs-001166"
"site-a7fb9184f2566d64",1,"obs-001167"
"site-e0acc3935e529f2f",1,"obs-001168"
"site-60755fef6ca0f3fb",1,"obs-001169"
"site-0864996ba5267ae3",1,"obs-001170"
"site-2e1b4e5e286746d3",1,"obs-001171"
"site-1ee17f66c102be3b",1,"obs-001172"
"site-380410fa5bdf0e4d",1,"obs-001173"
"site-e5d2fd07d0216485",1,"obs-001174"
"site-7b9c4c69e7945cf2",1,"obs-001175"
"site-1f450f2c07508968",1,"obs-001176"
"site-6bb6847c6328acd4",1,"obs-001177"
"site-db3f37468e25e7a4",1,"obs-001178"
"site-3ba94d48218437a2",1,"obs-001179"
"site-e3d690970ce15753",1,"obs-001180"
"site-b104fe723aa98fa2",1,"obs-001181"
"site-2276b7fd00faafdb",1,"obs-001182"
"site-b17e0cf9f2be5c86",1,"obs-001183"
"site-3fc0fbe9eaca56fa",1,"obs-001184"
"site-2aac10bb2dce18c1",1,"obs-001185"
"site-c20d7b9c1f1a68ed",1,"obs-001186"
"site-5d7b929a13841ffd",1,"obs-001187"
"site-876782311b2bd4ac",1,"obs-001188"
"site-82262f7988dde8fd",1,"obs-001189"
"site-68d0f03e47634d6c",1,"obs-001190"
"site-944e5d512d32cc74",1,"obs-001191"
"site-4bbe57cf05eb7c31",1,"obs-001192"
"site-34eeb0a23dcbd030",1,"obs-001193"
"site-107898202c47b8cd",1,"obs-001194"
"site-1c6c441ed6d56544",1,"obs-001195"
"site-8ad08f7174820b3c",1,"obs-001196"
"site-131bcde67ffd6116",1,"obs-001197"
"site-af703eacd42079df",1,"obs-001198"
"site-71de9500f1f92764",1,"obs-001199"
"site-2f580e53baa5ad56",1,"obs-001200"
"site-16a16c7df7083175",1,"obs-001201"
"site-ebe194d5492793e0",1,"obs-001202"
"site-599918ddf3a8f6c4",1,"obs-001203"
"site-66f2a517a2659402",1,"obs-001204"
"site-a7ea0d7cdf5e8e22",1,"obs-001205"
"site-831114b976864c53",2,"obs-001206;obs-001207"
"site-227a498220724c7a",1,"obs-001208"
"site-24967573d5cdf87e",1,"obs-001209"
"site-14ec267225a127f5",1,"obs-001210"
"site-cfab8f7a35b85892",1,"obs-001211"
"site-862a75488f0c46cc",1,"obs-001212"
"site-ef8ecbe44c6d480d",1,"obs-001213"
"site-551ee85554152dce",1,"obs-001214"
"site-9f737d562e571b0d",1,"obs-001215"
"site-926d7af1d024f448",1,"obs-001216"
"site-830099e72e71159a",1,"obs-001217"
"site-265f7fc97e0529a5",1,"obs-001218"
"site-5446e7563aaf9f3d",1,"obs-001219"
"site-71a5a9ee882b8202",1,"obs-001220"
"site-896e86a7f2c91b09",1,"obs-001221"
"site-e42c968c9700d5ad",1,"obs-001222"
"site-d5905f9e26ad3104",1,"obs-001223"
"site-f95b1e0d0abc304a",1,"obs-001224"
"site-ae10edf4d525b323",1,"obs-001225"
"site-5b459378bb298993",1,"obs-001226"
"site-90a3918c8913a5cb",1,"obs-001227"
"site-33ed7ac8bc755cc9",1,"obs-001228"
"site-8928cd9e405f29d5",1,"obs-001229"
"site-bd3869b68bfcb3e9",1,"obs-001230"
"site-7ec6589683b2fa5f",1,"obs-001231"
"site-43a5a1c103b2fe42",1,"obs-001232"
"site-e44972ad21a734b4",1,"obs-001233"
"site-25ad5ac5089653f8",1,"obs-001234"
"site-7a4c110f43b165d5",1,"obs-001235"
"site-f1f1da291e742936",1,"obs-001236"
"site-f9b4687f14cc2bb1",1,"obs-001237"
"site-ec287857ac4a88d4",1,"obs-001238"
"site-3b3f5ed5edfdd992",1,"obs-001239"
"site-beed199644da155a",1,"obs-001240"
"site-fd385d429afc4a24",1,"obs-001241"
"site-8124b45a794522cc",1,"obs-001242"
"site-ba40899a00ebc1a5",1,"obs-001243"
"site-39067e024abbd2ae",1,"obs-001244"
"site-a1b5c79a0c39991a",1,"obs-001245"
"site-fee417b7eeaef846",1,"obs-001246"
"site-90ab82af6378da31",1,"obs-001247"
"site-120cce55fcfd322d",1,"obs-001248"
"site-863075226df19a10",1,"obs-001249"
"site-3d126cf0a02def9a",1,"obs-001250"
"site-5c4e6a82b812c402",1,"obs-001251"
"site-4f4e50791f71b915",1,"obs-001252"
"site-e3d1a7465705d259",1,"obs-001253"
"site-d932029d7fcd00d4",1,"obs-001254"
"site-95c6daa8180fd02c",1,"obs-001255"
"site-ded5abb01c3ceb1f",1,"obs-001256"
"site-af5652ca53f17a45",1,"obs-001257"
"site-abe5512467ba2240",1,"obs-001258"
"site-929678dd06ce69d9",1,"obs-001259"
"site-d7731807a99aafd3",1,"obs-001260"
"site-8cda7c49dcf64ec8",1,"obs-001261"
"site-a5b15de4b48d6a92",2,"obs-001262;obs-001263"
"site-ad65a2cd6e0c138e",1,"obs-001264"
"site-c2dd2ada27fa1870",1,"obs-001265"
"site-54ef6e1122c18cc7",2,"obs-001266;obs-001267"
"site-094105e41918ec85",1,"obs-001268"
"site-671bd44e87dc6aa5",1,"obs-001269"
"site-1895146177853a8c",1,"obs-001270"
"site-42128ac2b2bbcf0b",1,"obs-001271"
"site-7aa24143c7075acf",1,"obs-001272"
"site-b5a69aebd307ce1d",1,"obs-001273"
"site-762a8ac94ef05b16",1,"obs-001274"
"site-79e470d2feed0e92",1,"obs-001275"
"site-026a30ea9eee7626",1,"obs-001276"
"site-1ba01bd250b595f6",1,"obs-001277"
"site-878b0266393c655d",1,"obs-001278"
"site-c02d4d7670b83d99",1,"obs-001279"
"site-7e2c8e2fd1a16e25",1,"obs-001280"
"site-7b013407d4459008",2,"obs-001281;obs-001282"
"site-c071055e958db5fd",1,"obs-001283"
"site-a4da144e44c9c5a9",1,"obs-001284"
"site-9dbe63d8a1e5df3e",1,"obs-001285"
"site-3dad89d7bae37197",1,"obs-001286"
"site-dcbf027f6f3317fc",1,"obs-001287"
"site-6efe4cf554773902",1,"obs-001288"
"site-b5bb1d2857765177",1,"obs-001289"
"site-53d3aec058ecb0c7",1,"obs-001290"
"site-bd559a5656c13d89",2,"obs-001291;obs-001292"
"site-45000f3fddd68b3a",1,"obs-001293"
"site-db04e156afe7fd4e",1,"obs-001294"
"site-e2f12a45fba35990",1,"obs-001295"
"site-15857a879026dbf2",1,"obs-001296"
"site-3a981a592ac806a4",1,"obs-001297"
"site-1a016d4ccfe7018c",1,"obs-001298"
"site-b2e8da66f7e06c6c",1,"obs-001299"
"site-627320fc9171eea6",1,"obs-001300"
"site-5fcb3202f12de366",1,"obs-001301"
"site-8013c36ead99efc3",1,"obs-001302"
"site-7a242d0b64c138af",1,"obs-001303"
"site-ed66bed4d2d18f65",1,"obs-001304"
"site-c1170ac42d18d14b",1,"obs-001305"
"site-0295d28adb86b6b6",1,"obs-001306"
"site-5fa18fdc3fa54bdb",1,"obs-001307"
"site-12695815d2d6bace",1,"obs-001308"
"site-6442f0bebcb8544f",1,"obs-001309"
"site-8a9964b2fb4a59df",1,"obs-001310"
"site-3072a49523a3c09a",1,"obs-001311"
"site-d4b8e2853e59c9a9",2,"obs-001312;obs-001313"
"site-26ae1cfd0a602802",1,"obs-001314"
"site-1b10122ded686dd7",1,"obs-001315"
"site-7aec7a32ce009c0c",1,"obs-001316"
"site-48ae5885137f0125",2,"obs-001317;obs-001318"
"site-34f8c3bfee842d0b",1,"obs-001319"
"site-337bc2c3d5d93ada",1,"obs-001320"
"site-eda757033df92291",1,"obs-001321"
"site-04b5df9fffc052b3",1,"obs-001322"
"site-c7bf79332334a28b",1,"obs-001323"
"site-9ba5228b0fffd37e",1,"obs-001324"
"site-52f9a5fcbff00a23",1,"obs-001325"
"site-b6d96333e0aa1779",1,"obs-001326"
"site-32240298c54a2107",1,"obs-001327"
"site-c5bb5a58390c7254",1,"obs-001328"
"site-79bfe8a7577b9ee6",1,"obs-001329"
"site-115bc2daecbf4c2b",1,"obs-001330"
"site-2dd66bc9f6f3b395",1,"obs-001331"
"site-ddd431e870210880",1,"obs-001332"
"site-4d21f686575f5dd2",1,"obs-001333"
"site-4ec65359d93d4080",1,"obs-001334"
"site-008068be73ea33b7",1,"obs-001335"
"site-f322f866289f704e",1,"obs-001336"
"site-a207fc61ee5574ac",1,"obs-001337"
"site-47f7b127a17f56d9",1,"obs-001338"
"site-ec434bae728296ba",1,"obs-001339"
"site-8317b517c765e880",1,"obs-001340"
"site-747edd2812d47def",1,"obs-001341"
"site-74d5a17d584c894b",1,"obs-001342"
"site-6356b4671b391ddc",1,"obs-001343"
"site-13d031d5a26f888d",2,"obs-001344;obs-001345"
"site-13ec14fdb377b29b",1,"obs-001346"
"site-87d8be8a49a76b01",2,"obs-001347;obs-001348"
"site-ad839e2742616bd7",1,"obs-001349"
"site-7d7eb03ca04803f4",1,"obs-001350"
"site-2bff345dcff57dca",1,"obs-001351"
"site-3be50c11af639962",1,"obs-001352"
"site-29323655546edebc",1,"obs-001353"
"site-477e74d73d77c3fe",1,"obs-001354"
"site-074e0e20320f54a9",1,"obs-001355"
"site-e7915ba12de240cd",1,"obs-001356"
"site-83e83cfd1d01ca63",1,"obs-001357"
"site-716f0b1d74de2697",1,"obs-001358"
"site-712c176433a7a54d",1,"obs-001359"
"site-83779c1495a05b7d",1,"obs-001360"
"site-286c3ea7cb95dc55",1,"obs-001361"
"site-e0e30a20ebb83c3c",1,"obs-001362"
"site-0aa73d4b71cf36cb",1,"obs-001363"
"site-51d475abe21a5957",1,"obs-001364"
"site-2009d2e45fb317ca",1,"obs-001365"
"site-2eda68c6aaf15c62",1,"obs-001366"
"site-a66fb16ff7e2b842",1,"obs-001367"
"site-938383b1bc472794",1,"obs-001368"
"site-bbd8376d746d7d65",1,"obs-001369"
"site-38198d121acb5fbf",1,"obs-001370"
"site-c8cd009da5448ff6",1,"obs-001371"
"site-a502e02f720b4572",1,"obs-001372"
"site-355c655ae1376c93",1,"obs-001373"
"site-944353d581b3507d",1,"obs-001374"
"site-ab9eeeea03f983c3",1,"obs-001375"
"site-d3aae3cab9f86c81",1,"obs-001376"
"site-daef9bb02f95a00d",1,"obs-001377"
"site-c2e7e21b8e1648ca",1,"obs-001378"
"site-ad0074c9af3239e6",1,"obs-001379"
"site-0d11fe73e859a60e",1,"obs-001380"
"site-fee49288b52891fd",1,"obs-001381"
"site-ef5ebe33e1a4040e",1,"obs-001382"
"site-2879cc3a70460ae5",1,"obs-001383"
"site-d1944f0d120c783c",1,"obs-001384"
"site-db7d4f3aa4b72c63",1,"obs-001385"
"site-afe5de98410a4317",1,"obs-001386"
"site-35d4a032c377119b",1,"obs-001387"
"site-87a60574feaa9608",1,"obs-001388"
"site-cd170d6e1a5de904",1,"obs-001389"
"site-054dbe94bea7ea25",1,"obs-001390"
"site-7ac1e3fdc98a2ee5",1,"obs-001391"
"site-e76ec153f13c2709",1,"obs-001392"
"site-a9ba1723df8e5487",1,"obs-001393"
"site-b2b1df23da96d91b",1,"obs-001394"
"site-ab867a9b1e95ae8f",1,"obs-001395"
"site-66857152917db4e2",1,"obs-001396"
"site-5d069f474a6503d0",1,"obs-001397"
"site-0a6291111d924e6a",1,"obs-001398"
"site-81ff560e773f27be",2,"obs-001399;obs-001400"
"site-6954b90ac03fa2d1",1,"obs-001401"
"site-ed7651673e5d3d09",1,"obs-001402"
"site-db8ac99898ffb33e",1,"obs-001403"
"site-5edae4b6e9c444b4",1,"obs-001404"
"site-16476be7858c9ed6",1,"obs-001405"
"site-8dbe5c8a30365e4c",1,"obs-001406"
"site-e8e496291ed94f76",1,"obs-001407"
"site-d9c4efb359432771",1,"obs-001408"
"site-325d3e5782bde074",1,"obs-001409"
"site-17b6745d8e87e2ad",1,"obs-001410"
"site-4b1859ec6fa1189b",1,"obs-001411"
"site-c6d11674bb7e2875",1,"obs-001412"
"site-ad8cdb24bf67241e",1,"obs-001413"
"site-06a8d9eb45d57f4a",1,"obs-001414"
"site-1d35c7507bfcd77c",1,"obs-001415"
"site-3787bae0fa949823",1,"obs-001416"
"site-905e1e2f01953f6c",1,"obs-001417"
"site-9757034dcba8e7b6",1,"obs-001418"
"site-794c617af3ca6463",1,"obs-001419"
"site-e4c9cd2b0b148748",1,"obs-001420"
"site-c19cf2cd1269f849",1,"obs-001421"
"site-92f7a8529449c3f7",1,"obs-001422"
"site-29e13582f8a06feb",1,"obs-001423"
"site-1db4e51627199971",1,"obs-001424"
"site-f687d1c53a50776a",1,"obs-001425"
"site-2632ec13cf625041",1,"obs-001426"
"site-6b3451e37d206c16",1,"obs-001427"
"site-b8a239abc26c3f71",1,"obs-001428"
"site-3b3397f1529e11b3",1,"obs-001429"
"site-d4e7ca7b5e781d40",1,"obs-001430"
"site-ebdb4f6cbdb5b8a4",1,"obs-001431"
"site-bcdb26693d412b40",1,"obs-001432"
"site-58d8d92f0a7fe692",1,"obs-001433"
"site-da85a319894f6ebb",1,"obs-001434"
"site-82bc0333c2f5b183",1,"obs-001435"
"site-d3f4098ef860d934",1,"obs-001436"
"site-61851bd4e0873960",1,"obs-001437"
"site-c9e8a60f03ed20f3",1,"obs-001438"
"site-311ccbf3e12d862e",1,"obs-001439"
"site-2d0b698f0c8be3b3",1,"obs-001440"
"site-e3b009ffe8ee79c2",1,"obs-001441"
"site-ba8e63a74a9c3003",1,"obs-001442"
"site-26ebdef6de0fc46c",1,"obs-001443"
"site-8ad18a38061e6526",1,"obs-001444"
"site-4085e75a1bbc4c02",1,"obs-001445"
"site-c2e42189c51f0fbc",1,"obs-001446"
"site-6869e7c4652ccf9d",1,"obs-001447"
"site-797d8e6f47411c36",1,"obs-001448"
"site-483cb7588d0f51a8",1,"obs-001449"
"site-9a9bfb18330c84de",1,"obs-001450"
"site-6a7f259c1531cd46",1,"obs-001451"
"site-c596c3b09fc01a37",1,"obs-001452"
"site-d6cfdb5acecb0844",1,"obs-001453"
"site-d9eec637b06ce462",1,"obs-001454"
"site-1b3b8b85506ace80",1,"obs-001455"
"site-822a200cb48e38ac",1,"obs-001456"
"site-508e307540fc2d08",1,"obs-001457"
"site-b3a5b56d11afecee",1,"obs-001458"
"site-287f339ad6335ea3",2,"obs-001459;obs-001460"
"site-f65a1a02092a59de",2,"obs-001461;obs-001462"
"site-31a614ffa3902ca9",1,"obs-001463"
"site-518bddad8b30bfdc",1,"obs-001464"
"site-571474f0d87e8803",1,"obs-001465"
"site-b38429301c0213c2",1,"obs-001466"
"site-95dfe5b7cab15f79",1,"obs-001467"
"site-e9b1ebf88120b105",1,"obs-001468"
"site-5ac048c47a2a0a6d",1,"obs-001469"
"site-7f14a1e8296ae109",1,"obs-001470"
"site-2c70571b7c870fee",1,"obs-001471"
"site-c010ec45f72d6473",1,"obs-001472"
"site-b3ed08476343505b",1,"obs-001473"
"site-6193cae3b2966d01",1,"obs-001474"
"site-81e969caa2df6d2d",1,"obs-001475"
"site-a5ae05e74250019a",1,"obs-001476"
"site-893f0a0499f4ff78",1,"obs-001477"
"site-bdd6e6a1f36d7fc1",1,"obs-001478"
"site-7ade352c2810699e",1,"obs-001479"
"site-3c9b428b61cf1278",1,"obs-001480"
"site-c1bddc93c39c83fb",1,"obs-001481"
"site-d552a9d629a5c6d1",1,"obs-001482"
"site-c177e1f6ef276b34",1,"obs-001483"
"site-508f099b5806022d",1,"obs-001484"
"site-1b26a1badc04012a",1,"obs-001485"
"site-aa6a10dddecc7cde",1,"obs-001486"
"site-dc95b53806e92a24",1,"obs-001487"
"site-ae0974b5460a10d4",1,"obs-001488"
"site-fd8f08c8c2fe57bf",1,"obs-001489"
"site-2f4f79a40f5b2a26",1,"obs-001490"
"site-8d28bde8d89b96f9",1,"obs-001491"
"site-bdd6efa264221439",1,"obs-001492"
"site-7594aba5d9d71e4b",1,"obs-001493"
"site-3267ab953f42f99a",1,"obs-001494"
"site-059e721f0225ced2",1,"obs-001495"
"site-2f43973d4ae8dbf9",1,"obs-001496"
"site-0221b4840e213447",1,"obs-001497"
"site-a993fe23d786c250",1,"obs-001498"
"site-a59c3c19e4fb58c0",1,"obs-001499"
"site-bf4fb7b2c4f6ac2e",1,"obs-001500"
"site-c0a44e96521a1426",1,"obs-001501"
"site-78a9849356761aa2",1,"obs-001502"
"site-f0b2ef08a1da6b73",1,"obs-001503"
"site-adeddcd8d88a53b2",1,"obs-001504"
"site-7ebdf556eedea9cd",1,"obs-001505"
"site-c2cb23d98e458761",1,"obs-001506"
"site-820ef054814d8fb4",1,"obs-001507"
"site-dab5d18762554fa2",1,"obs-001508"
"site-bf060b3cf58ed5d3",1,"obs-001509"
"site-461e067a5eb2e71a",1,"obs-001510"
"site-8db0b0b524395f37",1,"obs-001511"
"site-3287b0c24047ef6a",1,"obs-001512"
"site-dc64b1464ffa4d27",1,"obs-001513"
"site-d126cb1afb901e27",1,"obs-001514"
"site-d5b7aabc14940ee5",1,"obs-001515"
"site-a7d180d817d2d12d",1,"obs-001516"
"site-f8c891ecd43069d7",1,"obs-001517"
"site-9c06aa391493d9b9",1,"obs-001518"
"site-6bb06e2d8dea3338",1,"obs-001519"
"site-b2415691a4bd7dde",1,"obs-001520"
"site-07a394905249e682",2,"obs-001521;obs-001522"
"site-9e161bcd8d8529da",1,"obs-001523"
"site-181a12b8afc2de44",1,"obs-001524"
"site-a6aa49372dd3d3e7",1,"obs-001525"
"site-16508c9c45da7c11",1,"obs-001526"
"site-d92bb823f7788afd",1,"obs-001527"
"site-cee216f4d21bbf17",1,"obs-001528"
"site-0b64aa7b798f3e36",1,"obs-001529"
"site-0b67a663e2548ce0",1,"obs-001530"
"site-f636cac9989ed63f",1,"obs-001531"
"site-9ecfc9616cd9bc3d",1,"obs-001532"
"site-236702e8209b95b4",1,"obs-001533"
"site-c1979d53d58af1f1",1,"obs-001534"
"site-569cf9711a2ddcb5",1,"obs-001535"
"site-f857009212237cd5",1,"obs-001536"
"site-f8814e370a1d5f5a",1,"obs-001537"
"site-2d3506bce7dff3fa",1,"obs-001538"
"site-c0face20f1130eaa",1,"obs-001539"
"site-4c5f0138601141e3",1,"obs-001540"
"site-c989b1c1cbc5a706",1,"obs-001541"
"site-727388cd29b24e88",1,"obs-001542"
"site-064f8de4d36a84f8",1,"obs-001543"
"site-38ff4119dd8095be",1,"obs-001544"
"site-d8ae8a729590d37a",1,"obs-001545"
"site-f2b19c40a49f6d32",1,"obs-001546"
"site-c123ee01584a7a0b",1,"obs-001547"
"site-c72c86dcc23c0b2e",1,"obs-001548"
"site-6da4472b0b615ee8",1,"obs-001549"
"site-7ef89c281b432596",2,"obs-001550;obs-001551"
"site-fe761a394feaf388",1,"obs-001552"
"site-75aefe22ef7fd4cf",1,"obs-001553"
"site-013c52993dbaf1dd",1,"obs-001554"
"site-b55f8e1b4baca686",1,"obs-001555"
"site-6e4036e5159be313",1,"obs-001556"
"site-b5da807192fef75a",1,"obs-001557"
"site-40205cfde920f8bc",1,"obs-001558"
"site-e5332fc057b2b9b9",1,"obs-001559"
"site-530ee36e1a16f8d4",1,"obs-001560"
"site-0e1ca7ad94f73a84",1,"obs-001561"
"site-75dcec230544269d",1,"obs-001562"
"site-f5364a24a438ef50",1,"obs-001563"
"site-d1389d67d4c99204",1,"obs-001564"
"site-96ae5c47153b8c50",1,"obs-001565"
"site-d519273b7fefc800",1,"obs-001566"
"site-4d05fa86e19c5b96",1,"obs-001567"
"site-4d639d4aa135d411",1,"obs-001568"
"site-b3c0b08c3bfc489b",1,"obs-001569"
"site-4ab44fad1a60a076",1,"obs-001570"
"site-5383a9779cd84d21",1,"obs-001571"
"site-fe49ae12a12b5905",1,"obs-001572"
"site-c501c32b4f0c93a5",1,"obs-001573"
"site-54d05a019a706c2c",1,"obs-001574"
"site-cb94bbc469cf668d",1,"obs-001575"
"site-59dac38c1b4392cf",1,"obs-001576"
"site-cd09f81811e0686f",1,"obs-001577"
"site-26c136c638f06055",1,"obs-001578"
"site-60d0e095a4788bfc",1,"obs-001579"
"site-6437b33022c97a4d",1,"obs-001580"
"site-56fb39cfa5e45432",1,"obs-001581"
"site-48ac3505d2523013",1,"obs-001582"
"site-a8d49fe140bcfb17",1,"obs-001583"
"site-a47b2e5189fb8d9d",1,"obs-001584"
"site-e935253851efdb68",1,"obs-001585"
"site-e5007c308a8f3e10",1,"obs-001586"
"site-1fc9900b36fa5f5f",1,"obs-001587"
"site-67b7635149066641",1,"obs-001588"
"site-a69d87671e47af0d",1,"obs-001589"
"site-8b26dee2eaf66c8d",1,"obs-001590"
"site-e82db7fa9aa4bd46",1,"obs-001591"
"site-0b92bbe6d7f24aba",1,"obs-001592"
"site-1a25f4a3c9f69d9b",1,"obs-001593"
"site-2ef83c930696e9e3",1,"obs-001594"
"site-9d9387fbf48c5539",1,"obs-001595"
"site-1ff932b1ce3b79a7",1,"obs-001596"
"site-d0a403904dd903cf",1,"obs-001597"
"site-317c0f2ab238df96",1,"obs-001598"
"site-8470cf18b5b52b45",1,"obs-001599"
"site-4d76f665e27df976",1,"obs-001600"
"site-6fa5999dc362bcff",1,"obs-001601"
"site-1c93eab67f51ef55",1,"obs-001602"
"site-051e6e627e554a1e",1,"obs-001603"
"site-03e82f7221b87db0",1,"obs-001604"
"site-4d1c7474c3a6cf0a",1,"obs-001605"
"site-2d04c9268de6501b",1,"obs-001606"
"site-f5958e5702a92112",1,"obs-001607"
"site-a0981ab5605e9508",1,"obs-001608"
"site-3276e093a6c43c4f",1,"obs-001609"
"site-c31e94ccf4bb6cc2",1,"obs-001610"
"site-3e31bf1f600caf57",1,"obs-001611"
"site-1b426801788bb9ba",1,"obs-001612"
"site-8a5f22cb4d2ccafa",1,"obs-001613"
"site-ccfa7586e5f51fa8",2,"obs-001614;obs-001615"
"site-cc778a5036fc36e1",1,"obs-001616"
"site-7f8da6d8d48fbd9c",1,"obs-001617"
"site-c79627dc6cae7365",1,"obs-001618"
"site-074b2ad8f307add0",1,"obs-001619"
"site-0879231c3707e975",1,"obs-001620"
"site-5e38ac2f6cafef5f",1,"obs-001621"
"site-a0de1545d560644c",1,"obs-001622"
"site-c35f224a0645d3ed",1,"obs-001623"
"site-57a5fa465426f52d",1,"obs-001624"
"site-5746000ac9165740",1,"obs-001625"
"site-ac89ed885a383437",1,"obs-001626"
"site-78f2a016428e3862",1,"obs-001627"
"site-f02dd0af7c5b9ff8",1,"obs-001628"
"site-047ab7fc2dfb4052",1,"obs-001629"
"site-9b3aae25ec3e22d9",1,"obs-001630"
"site-b338ccbae760740c",1,"obs-001631"
"site-6a9ada5cd73c5561",1,"obs-001632"
"site-f2254e515af89eb6",1,"obs-001633"
"site-23f104e581961ec0",1,"obs-001634"
"site-274ad3b9fceecf01",1,"obs-001635"
"site-1228f47854e62137",1,"obs-001636"
"site-089eefb032ac10c6",1,"obs-001637"
"site-0e62d398b587e6a7",1,"obs-001638"
"site-50266aa842ebfbc9",1,"obs-001639"
"site-ed40568cdf90a59d",1,"obs-001640"
"site-ca83adedf44901e4",1,"obs-001641"
"site-69a307047b9d56be",1,"obs-001642"
"site-0f09b9a77a3aea70",1,"obs-001643"
"site-dab7669bca2fb5ef",1,"obs-001644"
"site-00227294950a8e22",1,"obs-001645"
"site-f901c815c8f819ea",1,"obs-001646"
"site-03a056162d87cc9b",1,"obs-001647"
"site-dbbdbdaf16939ed9",1,"obs-001648"
"site-9aa49897399168c0",1,"obs-001649"
"site-8f0eed751d8f6acd",1,"obs-001650"
"site-264252229c652d9c",1,"obs-001651"
"site-cfd6d568393ebf61",1,"obs-001652"
"site-7add344d7eb0c45d",1,"obs-001653"
"site-740926ce834f9140",1,"obs-001654"
"site-c64d7279bf9cacd4",1,"obs-001655"
"site-9141c9c85cbfbb96",1,"obs-001656"
"site-e5f23af3824cde8f",1,"obs-001657"
"site-c809013c93eda3b6",1,"obs-001658"
"site-bd3c67a0f7bea930",1,"obs-001659"
"site-a9b205c0448ad505",1,"obs-001660"
"site-09f9594ea9d4f1ee",1,"obs-001661"
"site-4a4d4db8846cd220",1,"obs-001662"
"site-b5a25ec4e2db6f65",1,"obs-001663"
"site-839c0523ed6bcc6a",1,"obs-001664"
"site-d269afe0c3a7e0d3",1,"obs-001665"
"site-ddb00e6304a91eaf",1,"obs-001666"
"site-29b216ccf12c8360",1,"obs-001667"
"site-aa8ed49966884372",1,"obs-001668"
"site-bee854c1d418217e",1,"obs-001669"
"site-2e3f09064dbdec35",1,"obs-001670"
"site-50eb470a91fed99e",1,"obs-001671"
"site-f67db02df0f1e57a",1,"obs-001672"
"site-61f2e5aa5e0470dd",2,"obs-001673;obs-001674"
"site-be70842a4ff27656",1,"obs-001675"
"site-a6fb3511a59d2907",1,"obs-001676"
"site-e25625dddbadb2da",1,"obs-001677"
"site-abd30582ac088d72",1,"obs-001678"
"site-08d3d1f75fbfeda5",1,"obs-001679"
"site-5a2656d170971cb2",1,"obs-001680"
"site-ded0db31dcc2217c",1,"obs-001681"
"site-7a9e1fdbdd70f110",1,"obs-001682"
"site-1b31335dbd99c9d5",1,"obs-001683"
"site-18cf7c39a3850599",1,"obs-001684"
"site-befcbbea5ce2ef44",1,"obs-001685"
"site-99affada263219cc",1,"obs-001686"
"site-32c8f1db4825ea76",1,"obs-001687"
"site-a3ef32ab00077abb",1,"obs-001688"
"site-edd5c332cb55d6b6",1,"obs-001689"
"site-cce7117e4bc8db3d",1,"obs-001690"
"site-490cd5a027e4e1e8",1,"obs-001691"
"site-3446f9c5010f304f",1,"obs-001692"
"site-147ae51f184c6a1f",1,"obs-001693"
"site-748d77aa32feb2d6",1,"obs-001694"
"site-a32fd5b72bb12113",1,"obs-001695"
"site-6aa5cef1be5f71c5",1,"obs-001696"
"site-81cbf181477d9ba1",1,"obs-001697"
"site-2ab6af9dacbb90d4",1,"obs-001698"
"site-5f5335af6f1f6e2b",1,"obs-001699"
"site-cc9d5bde08fdc0c4",1,"obs-001700"
"site-7fe2ba1053a6655c",1,"obs-001701"
"site-db1ca274640c93bd",1,"obs-001702"
"site-29419efdc5bf4e49",1,"obs-001703"
"site-982c0567a50d2f74",1,"obs-001704"
"site-983f9ac9517ee23d",1,"obs-001705"
"site-c4f014c010730402",1,"obs-001706"
"site-d1897f685c26661f",1,"obs-001707"
"site-f350e5149695d41b",1,"obs-001708"
"site-a47a26387e4040f9",1,"obs-001709"
"site-b2d24a41837cdeac",1,"obs-001710"
"site-3fb9e6a64182a027",1,"obs-001711"
"site-fb583f757bf3086b",2,"obs-001712;obs-001713"
"site-f4edbbb6729eda37",1,"obs-001714"
"site-c658141a1c3f18c8",1,"obs-001715"
"site-1f82e7e922366af8",1,"obs-001716"
"site-87ec5dad6e39d9e2",1,"obs-001717"
"site-bc4c09e9ac57ee80",1,"obs-001718"
"site-da1c8df763e6388c",1,"obs-001719"
"site-86bad14362155b95",1,"obs-001720"
"site-a369b0209f0c5541",1,"obs-001721"
"site-dce24d8b77b866ec",1,"obs-001722"
"site-fd480008d8405e49",1,"obs-001723"
"site-de81f22933257341",1,"obs-001724"
"site-be0f192a51853065",1,"obs-001725"
"site-82fdb123cb208fb4",1,"obs-001726"
"site-ea7685830ceeb92f",1,"obs-001727"
"site-f2d83b33b529b709",1,"obs-001728"
"site-b8166bcb227eaec9",1,"obs-001729"
"site-7b4f0628caf6e6c8",1,"obs-001730"
"site-5e06aed230ae945b",1,"obs-001731"
"site-4376958a56525d61",1,"obs-001732"
"site-07df1153749a5b84",1,"obs-001733"
"site-36a10e3be4a9dee9",1,"obs-001734"
"site-62938068f67a5fd5",1,"obs-001735"
"site-b968f0367d3a3522",1,"obs-001736"
"site-1911457e91466811",1,"obs-001737"
"site-a2623f62c2d4b780",1,"obs-001738"
"site-3a3e894f547e58e6",1,"obs-001739"
"site-7b5680828b43fb4e",1,"obs-001740"
"site-d69d54198cbd1542",1,"obs-001741"
"site-7e561da618b5c6b4",1,"obs-001742"
"site-dfa686228c7c5dc5",1,"obs-001743"
"site-ea673cb77ef02c84",1,"obs-001744"
"site-82071705d44080cc",1,"obs-001745"
"site-a1c9d18b5f8c80f2",1,"obs-001746"
"site-945d65afbf72154a",1,"obs-001747"
"site-daaec2369a9e809a",1,"obs-001748"
"site-7818f82a07328c27",1,"obs-001749"
"site-d6ca1510dcc3580e",1,"obs-001750"
"site-c8c1ceca2ca70c15",1,"obs-001751"
"site-2a65c0bdfc95ed1e",1,"obs-001752"
"site-7967e71f64c1570c",1,"obs-001753"
"site-ebe2f0c9a87cbaf4",1,"obs-001754"
"site-ed527bd93e23636f",1,"obs-001755"
"site-7bbde714131096f3",1,"obs-001756"
"site-6bffbd0aaa97fcdd",1,"obs-001757"
"site-0983e6b9e5349eb0",1,"obs-001758"
"site-51843e178138ceba",1,"obs-001759"
"site-5c9629b794d4c309",1,"obs-001760"
"site-c086d32124adbb25",1,"obs-001761"
"site-298e4a13b1d4dd8b",1,"obs-001762"
"site-559351054b142a83",1,"obs-001763"
"site-b8dfe545054a6afa",1,"obs-001764"
"site-807be1be639a6ed8",1,"obs-001765"
"site-6e732cb8a8525b57",1,"obs-001766"
"site-78ec41012a9959a5",1,"obs-001767"
"site-069fb0cd422a9670",1,"obs-001768"
"site-1747b29885de941f",1,"obs-001769"
"site-3f8bbd48e3e4d10f",1,"obs-001770"
"site-041bdd2664296715",1,"obs-001771"
"site-211117fd060b7f9d",1,"obs-001772"
"site-92a3106558a28acd",1,"obs-001773"
"site-57e92467395af327",1,"obs-001774"
"site-ddf505b180026097",1,"obs-001775"
"site-10a1e2d112a63578",1,"obs-001776"
"site-99f50527a4863145",1,"obs-001777"
"site-4b6ba0e89b8728de",1,"obs-001778"
"site-fea29a6a30e4cd8e",1,"obs-001779"
"site-9b7ef4203960106f",1,"obs-001780"
"site-8e6cce4076b957e5",1,"obs-001781"
"site-e4ec99c060e51cfa",1,"obs-001782"
"site-30a512b9527702f3",1,"obs-001783"
"site-22a0964f6d102d9d",1,"obs-001784"
"site-81eb5eee43689f1a",1,"obs-001785"
"site-27d8cd78066c5cf2",1,"obs-001786"
"site-d3d746bf001c25b0",1,"obs-001787"
"site-ce14f4879db42c5d",1,"obs-001788"
"site-ffbc5e67d9d520ba",1,"obs-001789"
"site-137f675792fbbe8d",1,"obs-001790"
"site-4cfe8ae8ed462a9a",1,"obs-001791"
"site-0a4061dfe5588416",1,"obs-001792"
"site-07fda355ca710f46",1,"obs-001793"
"site-5bc54fe674bca467",1,"obs-001794"
"site-38132a0bdccb1049",1,"obs-001795"
"site-6a189321991d88f1",1,"obs-001796"
"site-de04a2528185ca07",1,"obs-001797"
"site-adeed6d2fa394091",1,"obs-001798"
"site-c52aac0d2e054434",1,"obs-001799"
"site-dd8a0699c22a2397",1,"obs-001800"
"site-42c663eaa6e752be",1,"obs-001801"
"site-718045d8db2e9721",1,"obs-001802"
"site-47d0f6c6064351bb",1,"obs-001803"
"site-286bd3a77a7a801e",1,"obs-001804"
"site-e798f8018e1e3cda",1,"obs-001805"
"site-05ccd173bca73aa9",1,"obs-001806"
"site-b727e93d168ec34c",1,"obs-001807"
"site-684691a6111aabf3",1,"obs-001808"
"site-ea624e86e27ecb5c",1,"obs-001809"
"site-bc0737b3e42789d2",1,"obs-001810"
"site-17c9cf167c596ec3",1,"obs-001811"
"site-82d58bc9901db408",1,"obs-001812"
"site-cc9eeb5131218ebd",2,"obs-001813;obs-001814"
"site-18cc141307ca9738",1,"obs-001815"
"site-f71552437bd223a8",1,"obs-001816"
"site-7bb795dd63c4ac29",1,"obs-001817"
"site-6e2455428acb6527",1,"obs-001818"
"site-065ec25394ab8929",1,"obs-001819"
"site-27d5922e07b396af",1,"obs-001820"
"site-33393ad772a3fa5a",1,"obs-001821"
"site-6f591cb64b424e26",1,"obs-001822"
"site-04e0f6d9c4d37ed5",1,"obs-001823"
"site-87d1254ec0ea9d69",1,"obs-001824"
"site-360c3f305b376cd3",1,"obs-001825"
"site-715cb067d49caed6",1,"obs-001826"
"site-8c2fef5e857b8cce",1,"obs-001827"
"site-5f3d01af99ec4f19",1,"obs-001828"
"site-104fd41c7222efd1",1,"obs-001829"
"site-207c8afe96960673",1,"obs-001830"
"site-b08c65fecbb94376",1,"obs-001831"
"site-59ac1b736da5c5f0",1,"obs-001832"
"site-acafda496daf3e9d",1,"obs-001833"
"site-4c58173f6691d4f0",1,"obs-001834"
"site-063f5479b3208007",1,"obs-001835"
"site-d6a898a915602509",1,"obs-001836"
"site-d7f6a7a4e94f0956",1,"obs-001837"
"site-04adea0095ce1296",1,"obs-001838"
"site-067a8b1d0bca38a6",1,"obs-001839"
"site-b9c23e39fa1997b2",1,"obs-001840"
"site-e5f8b4ec08a2c5da",1,"obs-001841"
"site-e83764d97d0b6fd0",1,"obs-001842"
"site-432208ab940220c2",1,"obs-001843"
"site-e83d67729d3eb362",1,"obs-001844"
"site-63bdec468f64e0e7",1,"obs-001845"
"site-d78640e3443af516",1,"obs-001846"
"site-825a4a9a4347622c",1,"obs-001847"
"site-27dc71e9b08eb5e8",1,"obs-001848"
"site-a9c23c215cd00c7f",1,"obs-001849"
"site-1268e7fc01139036",1,"obs-001850"
"site-8bf238cebf86b316",1,"obs-001851"
"site-d731f6a312a92d9b",1,"obs-001852"
"site-1cd1240398364bed",1,"obs-001853"
"site-d987e720367c721e",1,"obs-001854"
"site-46f295904b11d94c",1,"obs-001855"
"site-d9d801dada2d10e6",1,"obs-001856"
"site-9b3983282b69c37e",1,"obs-001857"
"site-c8d7848293c8275f",1,"obs-001858"
"site-d1f995eedc453f48",1,"obs-001859"
"site-1f2ed311d01b7777",1,"obs-001860"
"site-b300b250a3e253f7",1,"obs-001861"
"site-e16e192349664eb7",2,"obs-001862;obs-001863"
"site-d8221c6c3a5c1a63",1,"obs-001864"
"site-008cb1cba7e05688",1,"obs-001865"
"site-a6dc86896b718d36",1,"obs-001866"
"site-0c55f075c17f61c6",1,"obs-001867"
"site-52c2d50dff84120c",1,"obs-001868"
"site-a36a5014053480f7",1,"obs-001869"
"site-697ddc2a0c2cbf7e",1,"obs-001870"
"site-93e542ed8b7e5ab9",1,"obs-001871"
"site-4a22695bacb8600a",1,"obs-001872"
"site-f9dd6f1952aa2d59",1,"obs-001873"
"site-f7e7f5d4420c27dd",1,"obs-001874"
"site-2a91942c398fc3a8",1,"obs-001875"
"site-5633b305b3c154d5",1,"obs-001876"
"site-e0e039cb81b5ecf7",1,"obs-001877"
"site-a0aaaf957b5ec81e",1,"obs-001878"
"site-501fea8f39e6994d",1,"obs-001879"
"site-9f446bf3b01f8dfa",1,"obs-001880"
"site-07c5b4a6d9b89ab0",2,"obs-001881;obs-001882"
"site-4adfc7f54c8b10f0",1,"obs-001883"
"site-e311c6c1fd800f8f",1,"obs-001884"
"site-9694a67c1f6d795f",1,"obs-001885"
"site-524b5dfb7763d458",1,"obs-001886"
"site-16670b7569a6594b",1,"obs-001887"
"site-1ed0ebe058536ba6",1,"obs-001888"
"site-537c563aae225b03",1,"obs-001889"
"site-407644fba4c64227",1,"obs-001890"
"site-63f2526ab4fc7be6",1,"obs-001891"
"site-e886bece26120c85",1,"obs-001892"
"site-0b4010e7c565dd7d",1,"obs-001893"
"site-1f4bf9700f2ac504",1,"obs-001894"
"site-c797adf2850dad12",1,"obs-001895"
"site-7d34c0090f1dbe46",1,"obs-001896"
"site-f4dd400db132b124",1,"obs-001897"
"site-08b2bdccc5fd2fca",1,"obs-001898"
"site-a8c07200e0d32a9f",1,"obs-001899"
"site-1e9031fb08b2afe0",1,"obs-001900"
"site-a41f27217f6a4fff",1,"obs-001901"
"site-b375b8721cf95875",1,"obs-001902"
"site-6204d077b3f7b3b1",1,"obs-001903"
"site-78d161e6015cee9f",1,"obs-001904"
"site-57c19df0c572320d",1,"obs-001905"
"site-c25e196ec2a40bf4",1,"obs-001906"
"site-cef784af94ae49f2",1,"obs-001907"
"site-d99a2790b5752037",2,"obs-001908;obs-001909"
"site-bacd852851ba7c4a",1,"obs-001910"
"site-862196ff30232d4d",1,"obs-001911"
"site-f7163917d8e1e58f",1,"obs-001912"
"site-54ac50be6aa973f0",1,"obs-001913"
"site-a6456eeac7a2a440",1,"obs-001914"
"site-caf2a4c64cf4919c",1,"obs-001915"
"site-c21884834d52830b",1,"obs-001916"
"site-730a3bbfabec2088",1,"obs-001917"
"site-787eda26a553f0a3",1,"obs-001918"
"site-f4643d9756a99316",1,"obs-001919"
"site-8daed40ac105365e",1,"obs-001920"
"site-b9c8acf2e18d0e8f",1,"obs-001921"
"site-2e302adf7a6b1386",1,"obs-001922"
"site-f7fd59304864d556",1,"obs-001923"
"site-70e4dd3c10d19305",1,"obs-001924"
"site-31edffc185a87ed2",1,"obs-001925"
"site-79202ea97c06dbad",1,"obs-001926"
"site-ec597d06084b5d37",1,"obs-001927"
"site-7b39097cf250cb85",1,"obs-001928"
"site-fac6483f1094f338",1,"obs-001929"
"site-0f4afd4c043a300a",1,"obs-001930"
"site-26fe343c6d905ef6",1,"obs-001931"
"site-1c87fecb879d5ddd",1,"obs-001932"
"site-5cfe17971c2898a6",1,"obs-001933"
"site-b2b54406ff5c41a8",1,"obs-001934"
"site-2bb128cfea5e84e9",1,"obs-001935"
"site-8cc3d67e37651397",1,"obs-001936"
"site-8127a5928f49e229",1,"obs-001937"
"site-5bdfe18f0a83d9c1",1,"obs-001938"
"site-ff3263623cde6bf7",1,"obs-001939"
"site-ea0d9cfd1a2ad301",1,"obs-001940"
"site-d525623db9b44caf",1,"obs-001941"
"site-4bf524e916eb9da1",1,"obs-001942"
"site-4aa41fc9dfb8c74d",1,"obs-001943"
"site-d1b702455de0153f",1,"obs-001944"
"site-abc9232b334c5f24",1,"obs-001945"
"site-52df6137390ab417",1,"obs-001946"
"site-c312552de907a7ac",1,"obs-001947"
"site-231450117d516311",1,"obs-001948"
"site-77c8554a54c783f4",2,"obs-001949;obs-001950"
"site-cc330f72413fad6a",1,"obs-001951"
"site-080192aaa9fb69c5",1,"obs-001952"
"site-eb8bbc49ed3f1edc",1,"obs-001953"
"site-dfe09a5faafa1ecb",1,"obs-001954"
"site-acbf520db3d40a38",1,"obs-001955"
"site-4ac20aad5d44c88c",1,"obs-001956"
"site-fcfd2e2c0a8e4433",1,"obs-001957"
"site-f92953759a952ac7",1,"obs-001958"
"site-a8c150dc9a382e90",1,"obs-001959"
"site-3b42a57e72bc9ec3",1,"obs-001960"
"site-a34a95dc2680289f",1,"obs-001961"
"site-ebd60e9228837ed0",1,"obs-001962"
"site-aee7566f6bc52ef8",1,"obs-001963"
"site-68864616f8a84d94",1,"obs-001964"
"site-15a7e1b1d0d542d9",1,"obs-001965"
